# This file uses centimeters as units for non-parametric coordinates.

mtllib knight13.mtl
g default
v 5.622829 43.477291 -1.353812
v 5.731198 44.053951 -0.117767
v 5.052649 44.704781 0.762776
v 6.037269 45.455818 -1.637433
v 5.500811 46.647446 -0.156592
v 7.053957 45.876972 -6.655754
v 6.168899 46.034733 -2.498970
v 6.519180 51.347801 -1.865042
v 5.135458 49.100216 -0.372008
v 6.096933 49.225723 -1.986790
v 6.159676 48.510872 -1.252548
v 5.285758 45.026276 -0.893968
v 5.943747 46.710167 -1.434258
v 5.726969 49.162968 -1.179399
v 4.918545 43.373108 -0.397769
v 4.918546 44.455326 0.709799
v 4.918545 43.618378 0.207328
v 4.918547 44.035019 -0.125469
v 3.544146 43.307980 1.159102
v 6.669843 28.653713 -6.504044
v 3.011841 28.656445 -7.656795
v -0.760544 28.654959 -6.522045
v -2.210909 28.636127 -3.864190
v -0.649836 28.628933 -1.305065
v 2.924477 28.635920 -0.266804
v 6.548328 28.625690 -1.287734
v 8.115291 28.632998 -3.837958
v 4.774773 31.593460 -6.545245
v 2.970295 31.589088 -5.835531
v 1.139504 31.592142 -5.907945
v -0.951858 31.584312 -3.906579
v 0.522128 31.580488 -1.322086
v 2.943384 31.582750 -0.596159
v 5.379355 31.578970 -1.314282
v 6.857128 31.582741 -3.891719
v 6.157264 34.531422 -6.213392
v 2.963460 34.531029 -6.535513
v -0.247527 34.530830 -5.573497
v -1.556205 34.527798 -3.924601
v -0.226881 34.526039 -1.643693
v 2.947600 34.527332 -0.179688
v 6.130140 34.525200 -1.638406
v 7.461046 34.527184 -3.918435
v 2.953237 28.657867 -4.006892
v 2.953310 34.528633 -3.298801
v 4.650095 40.197872 -5.734793
v 2.952118 40.197872 -6.516364
v 1.254140 40.197876 -5.734794
v 0.550815 40.197880 -3.847916
v 1.254139 40.197880 -1.961036
v 2.952116 40.197876 -1.179465
v 4.650094 40.197872 -1.961036
v 5.353420 40.197872 -3.847915
v 3.782528 41.270966 -5.734794
v 2.952119 41.270966 -6.464313
v 2.121710 41.270969 -5.734794
v 1.137312 41.270977 -3.847916
v 1.811797 41.270977 -1.961037
v 2.952117 41.270977 -1.428490
v 4.092439 41.270973 -1.961037
v 4.766925 41.270969 -3.847916
v 4.438452 43.732475 -5.685192
v 2.952123 43.732471 -6.528156
v 1.465794 43.732479 -5.685192
v 0.850133 42.344074 -3.847919
v 1.465790 42.344082 -2.196234
v 2.952119 42.344078 -1.131069
v 4.438448 42.344074 -2.196233
v 5.054107 42.344067 -3.847919
v 2.952117 40.197876 -3.847915
v 2.952121 43.306725 -3.847925
v 19.408583 39.892525 -4.897428
v 19.102781 40.979992 -4.904000
v 18.868233 41.542419 -3.931134
v 18.941492 41.017391 -2.949662
v 19.252735 39.929928 -2.942460
v 19.485155 39.367466 -3.917497
v 17.603615 39.966587 -4.977139
v 17.297657 41.053928 -4.990395
v 17.056541 41.616249 -4.022947
v 17.123291 41.091290 -3.038015
v 17.433969 40.003956 -3.024500
v 17.673204 39.441616 -3.992620
v 19.176767 40.454922 -3.923293
v 17.365105 40.528893 -4.012146
v 8.925785 38.607830 -5.706381
v 11.643009 40.560291 -6.245345
v 13.538750 42.509922 -4.895618
v 13.560269 42.526688 -2.662192
v 11.683503 40.607117 -1.227144
v 8.946087 38.638538 -1.682070
v 7.405012 38.149979 -3.685348
v 7.322268 39.507774 -6.534884
v 11.212156 41.531860 -7.283123
v 13.741483 44.308392 -5.375834
v 13.849316 44.182690 -2.213974
v 11.269116 41.578484 -0.185968
v 7.340457 39.544537 -0.843640
v 5.255220 39.253937 -3.683273
v 7.786109 40.908798 -5.706023
v 10.363726 42.300308 -6.235713
v 12.180208 43.943336 -4.880916
v 12.261386 43.890739 -2.645797
v 10.403568 42.334461 -1.217303
v 7.808229 40.938660 -1.681685
v 6.511442 40.690155 -3.687515
v 11.318819 39.594219 -3.724266
v 9.548790 42.315632 -3.715159
v 1.030820 48.677811 -1.283682
v 4.832103 48.677803 -1.283681
v 1.030822 49.368118 -1.283688
v 4.832105 49.368114 -1.283687
v 1.030822 49.368080 -5.567873
v 4.832107 49.368073 -5.567873
v 1.030821 48.677773 -5.567865
v 4.832104 48.677765 -5.567866
v 0.592288 50.033428 -3.425787
v 5.449605 44.483170 -5.271702
v 2.931461 48.012432 -6.317592
v 0.413304 44.483177 -5.271703
v 5.858683 46.520622 -3.354264
v 0.004233 46.520634 -3.354265
v 2.931460 48.012486 -0.533943
v 5.497323 46.137840 -0.533925
v 2.931464 50.033447 -0.533962
v 0.365591 46.137852 -0.533926
v 5.270641 50.033417 -3.425786
v 2.931465 50.033394 -6.317610
v 2.931455 45.742382 0.430019
v 2.931469 51.934059 -6.284534
v 2.931454 44.483158 -6.980847
v 2.931463 49.185318 -3.425779
v 5.743694 44.018612 -1.731826
v 0.119212 44.018623 -1.731827
v 3.881782 48.345158 -0.908812
v 4.856175 47.620483 -0.451506
v 3.881784 49.700775 -0.908824
v 4.214399 50.461147 -3.425790
v 4.261914 49.700729 -5.942740
v 3.996234 44.483158 -6.580832
v 4.261911 48.345112 -5.942728
v 4.395072 47.093269 -3.496674
v 1.981140 48.345161 -0.908812
v 1.006744 47.620491 -0.451506
v 1.981143 49.700779 -0.908825
v 1.648533 50.461151 -3.425791
v 1.601016 49.700733 -5.942741
v 1.866675 44.483162 -6.580832
v 1.601013 48.345116 -5.942729
v 1.467847 47.093277 -3.496675
v 0.764729 48.076012 -0.983784
v -0.386063 47.095585 -3.497249
v 0.049041 47.414112 -5.505736
v 1.607347 47.613708 -6.828660
v 2.931461 47.813293 -7.246370
v 4.255575 47.613705 -6.828660
v 5.813879 47.414101 -5.505735
v 6.248981 47.095570 -3.497248
v 5.098192 48.076004 -0.983783
v 4.271541 48.868664 -0.725897
v 2.931461 48.317024 -0.148369
v 1.591383 48.868668 -0.725897
v 1.344887 2.929707 -5.119486
v -1.157619 2.929162 -4.989592
v -1.362190 -0.071620 -3.374857
v -0.982327 3.127403 -1.717823
v 1.506216 3.133612 -1.848508
v 1.728642 -0.072066 -3.515505
v 0.535146 3.109527 -5.868756
v -0.469553 3.101290 -5.812263
v -1.404534 3.869494 -3.952129
v -0.904463 4.027396 -1.785796
v 1.455090 4.035543 -1.946494
v 1.683908 3.867862 -4.138460
v 0.492131 4.578147 -6.166758
v -0.511566 4.570928 -6.105091
v -1.419036 4.736698 -4.032513
v -0.888296 4.931866 -1.788967
v 1.466608 4.935090 -1.968171
v 1.668582 4.735384 -4.253953
v 0.514331 5.490057 -5.626022
v -0.484755 5.488060 -5.555246
v -1.429061 5.609566 -4.119730
v -0.888603 6.515748 -1.875206
v 1.463560 6.515714 -2.055704
v 1.658640 5.608811 -4.353372
v 0.183598 -0.071226 -3.449680
v 0.114163 5.608537 -4.239274
v 0.178417 13.847367 -6.617807
v -0.932352 13.827327 -6.444705
v -1.788913 13.775654 -4.526694
v -1.094915 13.735756 -2.167865
v 1.394489 13.781050 -2.452793
v 1.509631 13.831191 -4.797536
v 1.841624 26.518251 -6.831530
v -1.543213 26.488787 -6.534398
v -2.723799 26.444931 -4.139642
v -1.112464 26.420851 -0.864660
v 2.942328 26.458267 -0.836301
v 3.404927 26.493488 -3.657895
v 0.266930 29.555759 -6.212794
v -0.852367 29.552687 -6.159153
v -1.326454 29.531029 -3.933169
v -0.678021 29.519873 -1.774509
v 0.429449 29.526161 -1.819084
v 0.915896 29.542404 -4.031508
v -0.089813 13.801967 -4.490599
v -0.193823 29.540127 -3.975915
v 17.569162 41.534016 -5.164572
v 17.622646 41.596947 -2.960001
v 17.327129 39.461887 -2.905385
v 17.266472 39.395264 -5.109949
v 15.978459 41.675476 -5.637577
v 16.036701 41.666786 -2.441609
v 15.258591 38.570259 -2.357218
v 15.252484 38.596668 -5.553105
v 11.164606 41.749966 -5.756640
v 11.273198 41.693459 -1.875508
v 10.019485 38.484158 -1.793812
v 10.062203 38.464245 -5.672389
v 10.371966 41.703419 -5.728092
v 10.449864 41.740261 -1.701738
v 8.497470 38.838654 -1.625695
v 8.425477 38.808426 -5.652133
v 17.487629 40.572231 -4.036031
v 9.382129 41.539486 -4.860490
v 9.493943 41.493561 -2.529352
v 8.674989 40.559303 -3.756061
v 7.963547 39.741528 -2.457437
v 7.803866 39.843498 -4.789977
v 1.763720 2.910300 -2.670442
v -1.354441 2.910460 -2.579471
v 1.393564 3.947201 -1.705043
v -0.914089 3.941062 -1.617803
v 1.408636 3.153308 -0.614712
v -0.910558 3.134139 -0.552002
v 1.771016 0.980389 -1.881974
v -1.350715 0.977904 -1.835851
v 1.761604 -0.046680 -1.870938
v -1.355540 -0.043240 -1.835117
v -1.374656 -0.066655 -3.493792
v 1.745911 -0.064587 -3.566498
v 1.245714 2.188868 -0.550037
v -0.813803 2.173882 -0.527194
v -1.091652 0.683221 -0.423220
v 1.498320 0.686492 -0.435804
v -1.092870 -0.018964 -0.421204
v 1.491830 -0.022068 -0.433629
v 4.086876 0.789366 -1.815257
v 7.208889 0.787903 -1.808815
v 4.492892 2.891938 -0.639185
v 6.799452 2.890085 -0.633823
v 4.492579 2.538307 -0.175798
v 6.799956 2.535513 -0.171507
v 4.084759 0.790540 -0.350187
v 7.207589 0.788164 -0.345578
v 4.085476 -0.057307 -0.349799
v 7.207413 -0.058607 -0.345307
v 7.209152 -0.059171 -2.050641
v 4.087262 -0.057868 -2.056701
v 4.621421 1.786583 0.992734
v 6.671101 1.784177 0.995080
v 6.940770 0.549077 1.093322
v 4.351901 0.550735 1.090793
v 6.940450 -0.035051 1.094116
v 4.352149 -0.034071 1.091439
v 5.391363 5.461798 -5.776025
v 6.362383 5.435542 -5.561734
v 7.248242 5.533746 -4.243630
v 6.698613 5.625782 -2.593566
v 4.413168 5.647300 -2.851219
v 4.267977 5.560551 -4.510066
v 4.928046 14.335041 -7.240703
v 7.461571 14.292811 -6.842921
v 8.394361 14.337917 -4.392197
v 7.414130 14.350542 -1.718275
v 3.584127 14.424212 -2.357125
v 3.423446 14.421132 -5.049639
v 5.704247 16.564327 -6.122277
v 6.697674 16.552752 -5.944135
v 6.929796 16.522371 -4.236670
v 6.162179 16.496288 -2.709714
v 5.178746 16.518394 -2.865553
v 4.963081 16.568254 -4.569929
v 5.722042 5.541403 -4.110243
v 5.958862 16.557268 -4.360973
v 4.494564 2.928846 -5.087516
v 6.996400 2.928893 -4.955743
v 7.200233 -0.071849 -3.344482
v 6.820258 3.126696 -1.685937
v 4.331436 3.133286 -1.814999
v 4.109389 -0.072116 -3.484796
v 5.304538 3.108697 -5.832344
v 6.307425 3.102545 -5.773499
v 7.242134 3.870084 -3.914503
v 6.742604 4.026090 -1.746254
v 4.382318 4.035138 -1.904704
v 4.154343 3.867897 -4.101583
v 5.346077 4.579288 -6.124070
v 6.347864 4.574261 -6.059681
v 7.256095 4.737797 -3.986569
v 6.726206 4.930465 -1.742007
v 4.370791 4.934428 -1.920546
v 4.169170 4.735895 -4.209136
v 5.322828 5.492080 -5.577559
v 6.321156 5.490913 -5.505447
v 7.266131 5.610641 -4.069890
v 6.726321 6.514526 -1.824654
v 4.373963 6.514900 -2.005219
v 4.178792 5.609681 -4.304361
v 5.654500 -0.071406 -3.420083
v 5.723058 5.609524 -4.189107
v 0.250888 43.477295 -1.353806
v 0.142519 44.053959 -0.117769
v 0.821072 44.704788 0.762774
v -0.163542 45.455830 -1.637434
v 0.372915 46.647453 -0.156591
v -1.180232 45.876980 -6.655755
v -0.295175 46.034756 -2.498975
v -0.645440 51.347816 -1.865047
v 0.738279 49.100235 -0.372008
v -0.223200 49.225735 -1.986797
v -0.285944 48.510883 -1.252548
v 0.587962 45.026283 -0.893970
v -0.070021 46.710178 -1.434259
v 0.146768 49.162979 -1.179399
v 0.955172 43.373116 -0.397765
v 0.955167 44.455330 0.709799
v 0.955174 43.618382 0.207328
v 0.955167 44.035027 -0.125466
v 2.329568 43.307980 1.159104
v 0.605932 5.713552 -2.917126
v -0.116236 5.707072 -2.925108
v -0.821923 5.678556 -2.712101
v -0.554988 5.668180 -2.349434
v 1.141021 5.673783 -2.616974
v 1.359836 5.698802 -2.958690
v 1.203459 14.448427 -2.647692
v -0.656177 14.404014 -2.323999
v -1.496395 14.335873 -1.860301
v -1.032938 14.308306 -1.583052
v 1.799019 14.340298 -1.995018
v 2.143260 14.405090 -2.433915
v 0.698146 17.147186 -1.870196
v -0.019859 17.122770 -1.711655
v -0.377584 17.089605 -1.641998
v -0.004988 17.059679 -1.645381
v 0.721793 17.069290 -1.746956
v 1.067177 17.123322 -1.897379
v 0.262193 5.693346 -2.633428
v 0.352668 17.093174 -1.718474
v -12.894326 41.190784 -5.199364
v -12.958445 41.246559 -2.994407
v -12.684868 39.132763 -2.939574
v -12.620216 39.076931 -5.144734
v -11.312395 41.399418 -5.672276
v -11.380486 41.409485 -2.476304
v -10.671622 38.322239 -2.393003
v -10.664171 38.345745 -5.589562
v -6.397997 41.460251 -5.794065
v -6.484178 41.414902 -1.914479
v -5.322695 38.061195 -1.831015
v -5.397415 38.054214 -5.708736
v -5.451043 41.360863 -5.769567
v -5.533173 41.393753 -1.743196
v -3.670972 38.298229 -1.663003
v -3.603927 38.259186 -5.689175
v -12.814227 40.204063 -4.068090
v -4.354810 41.044071 -4.900236
v -4.495756 41.017380 -2.569229
v -3.680779 39.992752 -3.794278
v -3.015825 39.151333 -2.494840
v -2.843729 39.233257 -4.827106
v 30.166233 39.832798 -4.978364
v 30.212475 40.303139 -4.987678
v 28.509558 40.292061 -5.024696
v 28.555519 40.759930 -5.034360
v 27.142542 39.517643 -4.641880
v 27.250975 40.885284 -5.183091
v 23.297199 40.279877 -3.970590
v 23.346806 41.046265 -4.499710
v 23.348888 40.294548 -2.962790
v 23.425144 41.068413 -2.978633
v 26.964733 39.559574 -3.398298
v 27.099968 40.934700 -3.425634
v 28.583294 40.312656 -3.609399
v 28.629318 40.780529 -3.618923
v 30.231998 39.851151 -3.717287
v 30.278244 40.321495 -3.726570
v 24.862804 39.986855 -3.145377
v 26.551350 40.954678 -3.358300
v 27.007156 39.990360 -3.407536
v 26.684689 39.818085 -2.619800
v 26.526049 40.440300 -3.109870
v 26.849897 40.008644 -3.264071
v 26.984711 39.560253 -3.264179
v 28.515274 39.715115 -2.909079
v 28.526472 39.990383 -3.227412
v 28.509922 39.838619 -3.256778
v 28.504494 39.789619 -3.267753
v 2.943914 46.391899 0.836357
v 5.512681 47.141304 -0.567869
v 0.355565 47.105774 -0.560306
v 2.924333 48.726135 0.465484
v 0.355565 47.104141 -0.570043
v 2.924335 49.780533 -0.298577
v 2.943913 45.598579 0.393618
v 5.512681 47.139660 -0.577606
v 2.905854 48.707729 0.469404
v 2.934123 47.265865 0.236754
v 2.924756 47.440083 1.276263
v 1.890371 48.125397 -0.045453
v 1.897758 48.660984 -0.434312
v 3.958846 48.152367 -0.051195
v 3.958847 48.678741 -0.438093
v 0.525169 48.372059 -0.539886
v 1.141929 49.173031 -0.489782
v 0.957335 49.708622 -0.590708
v 0.525169 48.370426 -0.570055
v 5.343081 48.405945 -0.577617
v 5.343081 48.407585 -0.547448
v 4.901129 49.726376 -0.594489
v 4.707293 49.199997 -0.495523
v 8.524893 0.649254 0.244077
v 10.266362 0.583080 -4.023895
v 7.371716 0.569702 -6.293472
v 6.981082 29.398359 -2.170791
v 8.225120 29.389235 -4.223254
v 7.037350 29.374786 -6.705770
v 7.401820 29.393288 -2.152644
v 8.275833 29.388113 -4.230156
v 7.477199 29.399134 -6.567165
v 8.897431 0.651579 0.332715
v 10.944445 0.577463 -3.985537
v 7.438570 0.580675 -6.528156
v -14.723112 39.507378 -4.951169
v -14.416471 40.594875 -4.955360
v -14.187531 41.157352 -3.979673
v -14.264692 40.632320 -2.999166
v -14.575113 39.544823 -2.994402
v -14.804030 38.982334 -3.971303
v -12.914084 39.581688 -5.015055
v -12.607878 40.669106 -5.023717
v -12.375506 41.231483 -4.052768
v -12.449629 40.706470 -3.071412
v -12.759460 39.619064 -3.062351
v -12.991807 39.056667 -4.033953
v -14.495749 40.069820 -3.975571
v -12.683854 40.144077 -4.044297
v -3.115853 38.424679 -5.703201
v -5.990373 40.101307 -6.235910
v -7.979990 41.896587 -4.882657
v -8.002939 41.892921 -2.648850
v -6.027321 40.147804 -1.217732
v -3.148472 38.447483 -1.678682
v -1.541469 38.098896 -3.684986
v -1.524119 39.512581 -6.535082
v -5.648254 41.098915 -7.273496
v -8.335465 43.576359 -5.359539
v -8.469001 43.389118 -2.196347
v -5.692785 41.148075 -0.176480
v -1.553731 39.517834 -0.843133
v 0.598846 39.361134 -3.685745
v -2.129046 40.889137 -5.704674
v -4.899681 41.955761 -6.226937
v -6.861948 43.320423 -4.865942
v -6.948286 43.259563 -2.630620
v -4.922945 41.989857 -1.208647
v -2.141588 40.891594 -1.679939
v -0.772114 40.762924 -3.688469
v -5.607271 39.196102 -3.716398
v -4.059471 42.096622 -3.708878
v 3.979261 41.438549 -5.641955
v 2.056229 41.438553 -5.641956
v 1.094712 41.438560 -4.188907
v 2.056227 41.438564 -2.735857
v 3.979260 41.438560 -2.735856
v 4.940776 41.438553 -4.188906
v 3.801461 44.924564 -5.383908
v 2.234041 44.924564 -5.383910
v 1.450330 44.924576 -4.188928
v 2.234039 44.924580 -2.993950
v 3.801459 44.924580 -2.993951
v 4.585169 44.924568 -4.188927
v 3.017744 41.438557 -4.188906
v 3.017751 44.924572 -4.188932
v -25.484171 39.447495 -5.040606
v -25.530418 39.917839 -5.049869
v -23.827440 39.906754 -5.087569
v -23.873449 40.374630 -5.096776
v -22.460289 39.132301 -4.706751
v -22.568775 40.499969 -5.246476
v -18.615152 39.894531 -4.036161
v -18.664515 40.660950 -4.564068
v -18.667692 39.909195 -3.028708
v -18.743786 40.683071 -3.043942
v -22.282728 39.174263 -3.461556
v -22.417946 40.549393 -3.488628
v -23.901236 39.927353 -3.672080
v -23.947245 40.395229 -3.681286
v -25.549915 39.465847 -3.779482
v -25.596163 39.936192 -3.788744
v -20.181059 39.601524 -3.209921
v -21.869431 40.569355 -3.422251
v -22.325087 39.605064 -3.470028
v -22.002678 39.432774 -2.682583
v -21.844023 40.054996 -3.172664
v -22.167797 39.623344 -3.326302
v -22.302652 39.174946 -3.326821
v -23.833153 39.329796 -2.971236
v -23.844364 39.605068 -3.289593
v -23.827801 39.453300 -3.318847
v -23.822380 39.404301 -3.329871
v 4.074771 2.909989 -2.650499
v 7.192316 2.910673 -2.557964
v 4.444329 3.947131 -1.681207
v 6.751668 3.941332 -1.595224
v 4.430196 3.152071 -0.595892
v 6.747800 3.134951 -0.536644
v 4.068599 0.978853 -1.870565
v 7.188123 0.978795 -1.821782
v 4.077987 -0.047972 -1.864494
v 7.193983 -0.043432 -1.825428
v 7.213250 -0.067068 -3.476202
v 4.092637 -0.064597 -3.554630
v 4.593513 2.187695 -0.539723
v 6.651577 2.174538 -0.518970
v 6.929537 0.683787 -0.416541
v 4.341194 0.685226 -0.430122
v 6.931664 -0.019456 -0.415922
v 4.347448 -0.022975 -0.429414
v 1.451404 45.230202 -0.324691
v 4.556410 45.230198 -0.324690
v 1.406520 47.626575 -1.279053
v 4.601304 47.626572 -1.279052
v 1.406521 47.926407 -4.397845
v 4.601305 47.926399 -4.397845
v 1.406515 44.459499 -4.856850
v 4.601298 44.459492 -4.856850
v 0.847435 48.214027 -3.364953
v 4.920779 45.444046 -5.333958
v 3.003906 43.900299 -5.486957
v 1.087038 45.444054 -5.333959
v 4.920776 44.229561 -3.364916
v 1.087036 44.229568 -3.364917
v 3.003907 45.228313 0.835003
v 4.968700 45.444080 -1.286308
v 3.003913 48.100479 -0.648945
v 1.039116 45.444088 -1.286309
v 5.160393 48.214016 -3.364952
v 3.003915 48.485584 -5.027962
v 3.003908 45.444092 -0.476165
v 3.003915 48.932972 -3.364959
v 3.003909 45.444042 -6.144103
v 3.003904 43.422806 -3.340880
v 5.627890 45.444061 -3.364927
v 0.379926 45.444073 -3.364928
v 1.126978 48.075851 -2.497950
v 0.653257 45.444080 -2.492169
v 1.756787 43.598850 -2.209604
v 3.003902 42.534790 -1.596481
v 4.251021 43.598846 -2.209603
v 5.354559 45.444069 -2.492168
v 4.880849 48.075844 -2.497949
v 3.003914 48.714912 -2.182899
v 1.126975 46.912594 -1.065047
v 0.807497 46.995811 -2.467890
v 0.488019 46.992172 -3.364942
v 1.126976 47.073257 -5.263738
v 3.003912 47.352829 -5.983868
v 4.880847 47.073250 -5.263737
v 5.519804 46.992161 -3.364941
v 5.200325 46.995804 -2.467889
v 4.880846 46.912586 -1.065047
v 3.003911 46.923264 -0.023908
v 1.238795 47.896141 -1.863031
v 0.935288 46.962528 -1.759392
v 0.807601 45.444084 -1.862465
v 1.474994 44.024624 -1.076242
v 3.003904 43.651810 -0.244494
v 4.532815 44.024616 -1.076242
v 5.200215 45.444077 -1.862464
v 5.072533 46.962521 -1.759392
v 4.769031 47.896133 -1.863030
v 3.003914 48.469147 -1.421958
v 1.752093 0.789705 -1.819057
v -1.369800 0.788498 -1.812533
v 1.346838 2.893250 -0.644009
v -0.959523 2.891689 -0.637915
v 1.347425 2.539987 -0.180394
v -0.960108 2.537043 -0.175150
v 1.754554 0.791398 -0.353874
v -1.368279 0.789111 -0.348857
v 1.753318 -0.057056 -0.353224
v -1.368737 -0.058367 -0.349141
v -1.370399 -0.058939 -2.054996
v 1.751525 -0.057736 -2.060400
v 1.218156 1.787821 0.989073
v -0.831800 1.785135 0.991750
v -1.101937 0.549541 1.089955
v 1.487062 0.551259 1.087514
v -1.101831 -0.034812 1.090612
v 1.486592 -0.033792 1.088223
v -1.475543 0.483182 -5.375858
v 2.940236 0.406424 -6.721039
v 7.358890 0.490479 -5.382276
v -1.568255 29.294546 -6.393703
v 2.942815 29.281364 -7.622845
v 7.416921 29.333313 -6.051960
v -1.646081 29.353683 -6.200522
v 2.930353 29.271564 -7.741570
v 7.414932 29.297110 -6.479706
v -1.485018 0.473253 -5.575940
v 2.938920 0.405091 -6.915345
v 7.363701 0.474636 -5.572830
v 5.223230 -0.152015 -5.498960
v 6.709164 -0.152945 -5.436766
v 7.365098 -0.049134 -3.342174
v 6.562508 0.021609 -1.280061
v 5.078145 0.019987 -1.324371
v 4.393512 -0.048661 -3.438378
v 5.493590 3.464993 -5.702015
v 6.505673 3.467222 -5.652104
v 7.378457 3.591875 -3.479952
v 6.563625 3.676726 -1.402271
v 5.072500 3.683635 -1.457713
v 4.409662 3.590256 -3.609899
v 5.879187 -0.048506 -3.396958
v 5.894943 3.589958 -3.543655
v 3.123456 13.176361 -1.371178
v 3.049112 13.175451 -1.395249
v 2.947421 13.173586 -1.356466
v 0.968593 16.905575 -1.251231
v 2.958224 21.073849 -0.593849
v 4.974663 16.902039 -1.282981
v 1.650795 29.005939 -0.796323
v 2.928973 29.004524 -0.229417
v 4.219884 28.997129 -0.772948
v 1.672843 29.004574 -1.117231
v 2.941814 29.009130 -0.765541
v 4.235973 29.003571 -1.063785
v 0.966729 16.911627 -1.572898
v 2.970139 21.087271 -1.125895
v 4.971076 16.908390 -1.464502
v 3.130190 13.182829 -1.583384
v 3.087719 13.182947 -1.626229
v 2.945928 13.180683 -1.569868
v 0.644412 -0.151594 -5.526834
v -0.843628 -0.155101 -5.461747
v -1.498202 -0.048981 -3.361868
v -0.694404 0.023715 -1.297776
v 0.788909 0.020785 -1.343329
v 1.473412 -0.048475 -3.462103
v 0.372965 3.463856 -5.735277
v -0.641615 3.463154 -5.685726
v -1.511967 3.591541 -3.507249
v -0.695671 3.678718 -1.426571
v 0.793898 3.683738 -1.482631
v 1.457332 3.590399 -3.638413
v -0.012258 -0.048330 -3.418228
v -0.028382 3.589768 -3.575092
v 6.239859 34.490849 -6.523228
v 2.953256 33.522110 -6.463068
v -0.169113 34.489609 -5.878881
v -1.477417 32.516251 -4.050705
v -0.688761 33.899342 -0.984103
v 2.953255 33.842876 0.567875
v 6.652662 33.913269 -0.983916
v 7.496369 32.553200 -4.050519
v 6.761222 36.440384 -6.522028
v 3.077819 36.394661 -7.050869
v -0.604132 36.468327 -5.878882
v -2.178086 36.474834 -3.688808
v -0.721749 36.444771 -0.207525
v 2.953260 36.524830 1.244080
v 6.630691 36.457729 -0.207742
v 8.178231 36.510956 -3.688750
v 6.664197 38.366882 -6.521812
v 2.953265 38.447033 -7.053180
v -0.701672 38.383400 -5.876961
v -2.187946 38.416405 -3.688048
v -0.711135 38.381809 -0.206839
v 2.953261 36.588814 1.241228
v 6.663664 38.374691 -0.206353
v 8.151455 38.439720 -3.688037
v 6.544783 40.703739 -6.521677
v 2.962747 42.783539 -7.283570
v -0.634878 40.738956 -6.522350
v -2.065092 41.378323 -3.687792
v -0.659324 40.312782 -0.206358
v 3.018784 40.515461 -0.581751
v 6.580250 40.279781 -0.205640
v 7.940941 41.361191 -3.687713
v 2.953257 34.489605 -3.689457
v 2.962446 42.924133 -5.618090
v 0.443394 5.464286 -5.844049
v -0.527473 5.437335 -5.626073
v -1.413873 5.537848 -4.315795
v -0.864745 5.631932 -2.672842
v 1.420770 5.652646 -2.922029
v 1.567000 5.563560 -4.577205
v 0.905531 14.341219 -7.332556
v -1.630401 14.301382 -6.932340
v -2.563350 14.347807 -4.486408
v -1.582431 14.360325 -1.820252
v 2.246994 14.434608 -2.459871
v 2.409609 14.428813 -5.147200
v 0.126516 16.576281 -6.229636
v -0.868957 16.567089 -6.049935
v -1.100710 16.536213 -4.344379
v -0.332328 16.509043 -2.820897
v 0.650853 16.531679 -2.980153
v 0.867420 16.580793 -4.682909
v 0.113571 5.543500 -4.173020
v -0.129863 16.571865 -4.475157
v 24.786709 39.969212 -4.767109
v 24.771759 41.031620 -4.778693
v 24.716057 41.575016 -3.856834
v 24.681286 41.057991 -2.787385
v 24.696070 39.995705 -2.769938
v 24.747124 39.450096 -3.838139
v 18.688662 39.525677 -5.684917
v 18.664370 41.272701 -5.709567
v 18.567806 42.167480 -4.112002
v 18.501051 41.317181 -2.356489
v 18.525156 39.570160 -2.332541
v 18.618179 38.673428 -4.062336
v 24.731823 40.512398 -3.854955
v 18.593454 40.420464 -4.088618
v 4.233466 0.877921 0.196208
v 6.996958 0.876464 0.198380
v 4.780306 1.707155 0.969690
v 6.542561 1.706233 0.971075
v 4.779191 1.309112 2.103139
v 6.541434 1.308204 2.104533
v 4.466751 0.332622 2.200075
v 6.852665 0.331382 2.201969
v 4.466502 -0.082876 2.200085
v 6.852440 -0.084144 2.201977
v 7.089492 -0.073735 -0.130701
v 4.233220 -0.072226 -0.132946
v 4.876217 0.932191 3.543465
v 6.441644 0.931401 3.544717
v 6.188246 0.188781 4.579110
v 5.127082 0.189312 4.578253
v 6.188114 -0.038659 4.579765
v 5.126915 -0.038087 4.578913
v 5.658294 13.838355 -6.540761
v 6.770261 13.821399 -6.347653
v 7.339171 13.773750 -4.466717
v 6.927297 13.724233 -2.075588
v 4.433154 13.772169 -2.387895
v 4.322203 13.821981 -4.728657
v 4.010549 26.515699 -6.800237
v 7.404105 26.486523 -6.461065
v 8.268726 26.447750 -4.096422
v 6.933612 26.410631 -0.805751
v 2.884186 26.453180 -0.812926
v 2.433303 26.490425 -3.635445
v 5.595398 29.557089 -6.180020
v 6.729387 29.555120 -6.103373
v 7.162251 29.531633 -3.871993
v 6.501810 29.510246 -1.712111
v 5.400452 29.521000 -1.793523
v 4.928834 29.541073 -4.012160
v 5.922020 13.792326 -4.394865
v 6.039467 29.538244 -3.948484
v 5.229236 5.709951 -2.853435
v 5.950701 5.702002 -2.850092
v 6.656028 5.672604 -2.630266
v 6.390316 5.664135 -2.282583
v 4.692714 5.668196 -2.549046
v 4.473142 5.692496 -2.888480
v 4.628040 14.438568 -2.547609
v 6.487474 14.393744 -2.220745
v 7.328240 14.326370 -1.758511
v 6.864856 14.298905 -1.484809
v 4.030507 14.327826 -1.888854
v 3.686453 14.392786 -2.326773
v 5.131512 17.134253 -1.754990
v 5.849583 17.109989 -1.596828
v 6.207984 17.077864 -1.531520
v 5.834469 17.046459 -1.529010
v 5.106944 17.054932 -1.625919
v 4.761950 17.109512 -1.778909
v 5.573253 5.689847 -2.570129
v 5.476479 17.079470 -1.599697
v 7.537443 26.565588 -6.510956
v 2.956567 24.907816 -7.906699
v -1.633566 26.570505 -6.535213
v -4.321822 25.323647 -4.119639
v -1.508172 27.909275 -1.133456
v 2.945716 25.412046 -0.218222
v 7.403978 27.905966 -1.109269
v 10.023359 25.317581 -3.941817
v 7.546728 29.963806 -6.667790
v 2.949648 29.995131 -7.824861
v -1.651020 29.967819 -6.679971
v -2.521941 30.801174 -4.097116
v -1.517004 29.910404 -1.099695
v 2.947364 28.481106 -0.165991
v 7.414641 29.907587 -1.080012
v 8.222840 30.796835 -3.931273
v 2.951167 25.730711 -4.352040
v 2.950582 29.080376 -0.084636
v -20.103907 39.583817 -4.834562
v -20.088793 40.646202 -4.847385
v -20.034576 41.189503 -3.929924
v -20.002771 40.672417 -2.863188
v -20.017403 39.610153 -2.844657
v -20.065401 39.064678 -3.906654
v -14.002090 39.140488 -5.741874
v -13.976618 40.887508 -5.766192
v -13.885462 41.782284 -4.168047
v -13.826579 40.931984 -2.412027
v -13.850387 39.184975 -2.387762
v -13.935974 38.288231 -4.119494
v -20.050091 40.126976 -3.923756
v -13.911175 40.035286 -4.143653
v 1.605382 0.878214 0.193080
v -1.158117 0.876853 0.195092
v 1.058530 1.707467 0.966531
v -0.703731 1.706606 0.967815
v 1.059567 1.309427 2.099979
v -0.702685 1.308575 2.101270
v 1.371971 0.332932 2.196932
v -1.013968 0.331755 2.198682
v 1.372197 -0.082574 2.196939
v -1.013758 -0.083769 2.198689
v -1.250671 -0.073343 -0.133998
v 1.605606 -0.071939 -0.136074
v 0.962448 0.932513 3.540296
v -0.602995 0.931765 3.541455
v -0.349692 0.189127 4.575857
v 0.711495 0.189643 4.575066
v -0.349568 -0.038313 4.576511
v 0.711645 -0.037766 4.575722
vt 0.632332 0.428702
vt 0.622510 0.435962
vt 0.623101 0.433179
vt 0.628706 0.423844
vt 0.649283 0.444339
vt 0.632765 0.457631
vt 0.578416 0.652066
vt 0.586064 0.627696
vt 0.595070 0.626996
vt 0.584119 0.564276
vt 0.594783 0.563113
vt 0.597820 0.570497
vt 0.589248 0.581554
vt 0.705260 0.449037
vt 0.646119 0.422270
vt 0.635455 0.421108
vt 0.658893 0.450797
vt 0.644990 0.478417
vt 0.651822 0.510061
vt 0.635168 0.484990
vt 0.597473 0.599637
vt 0.583222 0.600336
vt 0.653180 0.486390
vt 0.524979 0.591043
vt 0.571345 0.592802
vt 0.607728 0.577967
vt 0.577058 0.628396
vt 0.607137 0.575185
vt 0.618089 0.420381
vt 0.612149 0.562387
vt 0.114945 0.975756
vt 0.099615 0.986372
vt 0.114945 0.969006
vt 0.275735 0.568881
vt 0.275705 0.609684
vt 0.242993 0.610147
vt 0.242944 0.590019
vt 0.275721 0.651763
vt 0.242959 0.630569
vt 0.314009 0.743052
vt 0.343656 0.742842
vt 0.343183 0.775728
vt 0.320859 0.775815
vt 0.372201 0.742762
vt 0.372011 0.775685
vt 0.058070 0.648246
vt 0.058148 0.608376
vt 0.091018 0.608165
vt 0.090993 0.635173
vt 0.058034 0.567954
vt 0.090976 0.580993
vt 0.378142 0.742727
vt 0.406588 0.742809
vt 0.407187 0.775711
vt 0.378438 0.775669
vt 0.436326 0.743040
vt 0.436786 0.775831
vt 0.210177 0.610223
vt 0.210173 0.574598
vt 0.210179 0.646040
vt 0.342982 0.808560
vt 0.324589 0.808594
vt 0.368424 0.808541
vt 0.123863 0.608118
vt 0.123849 0.643528
vt 0.123840 0.572619
vt 0.407485 0.808555
vt 0.382053 0.808533
vt 0.433084 0.808602
vt 0.013661 0.385687
vt 0.026519 0.344885
vt 0.054374 0.386341
vt 0.026319 0.427766
vt 0.055965 0.443944
vt 0.084511 0.426531
vt 0.096092 0.386662
vt 0.084704 0.346240
vt 0.056258 0.328761
vt 0.780814 0.328541
vt 0.784407 0.364166
vt 0.748304 0.364279
vt 0.773677 0.399983
vt 0.755284 0.414580
vt 0.729842 0.399753
vt 0.713512 0.364343
vt 0.729783 0.328844
vt 0.755216 0.313998
vt 0.001929 0.809763
vt 0.001929 0.801045
vt 0.013898 0.801626
vt 0.013898 0.809763
vt 0.047405 0.864334
vt 0.047405 0.855616
vt 0.059375 0.855616
vt 0.059375 0.863753
vt 0.047405 0.834569
vt 0.059375 0.834569
vt 0.047405 0.813522
vt 0.059375 0.813522
vt 0.460656 0.957640
vt 0.460656 0.938700
vt 0.472625 0.938700
vt 0.472625 0.951419
vt 0.460656 0.919760
vt 0.472625 0.925980
vt 0.001929 0.851857
vt 0.001929 0.830810
vt 0.013899 0.830810
vt 0.013899 0.851857
vt 0.041355 0.800914
vt 0.041355 0.810316
vt 0.086832 0.855063
vt 0.086832 0.864465
vt 0.071345 0.834569
vt 0.071345 0.816145
vt 0.059375 0.807582
vt 0.071345 0.804264
vt 0.013899 0.857797
vt 0.025868 0.849234
vt 0.025868 0.861115
vt 0.025868 0.830810
vt 0.174201 0.811586
vt 0.193141 0.820304
vt 0.174201 0.841351
vt 0.155261 0.820304
vt 0.147415 0.841351
vt 0.155261 0.862398
vt 0.174201 0.871116
vt 0.193141 0.862398
vt 0.200986 0.841351
vt 0.134605 0.855646
vt 0.118026 0.865049
vt 0.118026 0.835153
vt 0.101447 0.855646
vt 0.094580 0.835153
vt 0.101447 0.816729
vt 0.118026 0.804848
vt 0.134605 0.816729
vt 0.141473 0.835153
vt 0.279695 0.968512
vt 0.278869 0.988645
vt 0.266741 0.992058
vt 0.267565 0.971923
vt 0.231201 0.969691
vt 0.232164 0.989826
vt 0.221373 0.992515
vt 0.220349 0.972307
vt 0.210387 0.991771
vt 0.209401 0.971490
vt 0.392188 0.969020
vt 0.393013 0.989301
vt 0.380884 0.985836
vt 0.380058 0.965549
vt 0.260800 0.971581
vt 0.259885 0.991868
vt 0.249086 0.989200
vt 0.249924 0.968989
vt 0.238105 0.989976
vt 0.238994 0.969843
vt 0.476520 0.979634
vt 0.465581 0.973777
vt 0.476446 0.967504
vt 0.465668 0.985907
vt 0.454720 0.980051
vt 0.454640 0.967921
vt 0.465516 0.961647
vt 0.399101 0.971404
vt 0.409865 0.977677
vt 0.398953 0.983533
vt 0.409744 0.989805
vt 0.420731 0.983950
vt 0.420881 0.971821
vt 0.410083 0.965549
vt 0.042872 0.669698
vt 0.024985 0.660456
vt 0.068375 0.652110
vt 0.073181 0.663686
vt 0.103149 0.666701
vt 0.113987 0.655125
vt 0.144957 0.676400
vt 0.124897 0.681757
vt 0.143555 0.711669
vt 0.125083 0.706669
vt 0.114507 0.734290
vt 0.103672 0.722676
vt 0.073632 0.719661
vt 0.069010 0.731275
vt 0.025188 0.723939
vt 0.043098 0.714587
vt 0.001929 0.692264
vt 0.025908 0.692241
vt 0.782018 0.522634
vt 0.772773 0.517460
vt 0.778681 0.488708
vt 0.790364 0.479244
vt 0.763569 0.468446
vt 0.769090 0.451031
vt 0.738638 0.467541
vt 0.733821 0.449828
vt 0.722704 0.488264
vt 0.711200 0.478609
vt 0.727884 0.517213
vt 0.718536 0.522431
vt 0.750258 0.531678
vt 0.750210 0.545690
vt 0.092374 0.694822
vt 0.081371 0.672713
vt 0.081713 0.717602
vt 0.069565 0.691807
vt 0.750566 0.497798
vt 0.603462 0.795286
vt 0.599752 0.799468
vt 0.591669 0.804569
vt 0.575131 0.803649
vt 0.036518 0.889799
vt 0.032808 0.879199
vt 0.040891 0.868330
vt 0.061840 0.889799
vt 0.821031 0.793079
vt 0.841980 0.771609
vt 0.855902 0.778131
vt 0.849749 0.793078
vt 0.846596 0.568213
vt 0.863134 0.567293
vt 0.877057 0.570354
vt 0.868215 0.573231
vt 0.190322 0.751940
vt 0.200923 0.747759
vt 0.197213 0.775834
vt 0.185431 0.775834
vt 0.211523 0.743577
vt 0.222123 0.747759
vt 0.225833 0.775834
vt 0.211523 0.807721
vt 0.778945 0.860053
vt 0.762515 0.891940
vt 0.754033 0.863865
vt 0.757744 0.859684
vt 0.196682 0.803909
vt 0.190322 0.799727
vt 0.860832 0.623670
vt 0.863058 0.638427
vt 0.828139 0.635662
vt 0.828139 0.621060
vt 0.030553 0.759903
vt 0.045323 0.762130
vt 0.042430 0.797049
vt 0.030553 0.797049
vt 0.082621 0.868914
vt 0.094498 0.868914
vt 0.097461 0.911992
vt 0.082621 0.908281
vt 0.556674 0.750802
vt 0.556673 0.736200
vt 0.599751 0.743317
vt 0.603462 0.747499
vt 0.251918 0.797429
vt 0.247737 0.791069
vt 0.275021 0.792554
vt 0.276609 0.808880
vt 0.243555 0.776229
vt 0.247737 0.761388
vt 0.275021 0.759903
vt 0.275812 0.776229
vt 0.303887 0.765628
vt 0.308069 0.776229
vt 0.303887 0.786829
vt 0.299706 0.797429
vt 0.545552 0.748528
vt 0.521489 0.771624
vt 0.493581 0.753527
vt 0.517220 0.740165
vt 0.545551 0.796316
vt 0.498763 0.793012
vt 0.896550 0.624294
vt 0.901732 0.584809
vt 0.934425 0.582199
vt 0.930872 0.604602
vt 0.920189 0.637656
vt 0.941808 0.632638
vt 0.579400 0.772190
vt 0.551492 0.790288
vt 0.822957 0.581574
vt 0.857279 0.601267
vt 0.533758 0.739245
vt 0.541841 0.744346
vt 0.950649 0.635515
vt 0.936727 0.638576
vt 0.232723 0.751940
vt 0.237615 0.775834
vt 0.226363 0.803909
vt 0.232723 0.799727
vt 0.901732 0.570207
vt 0.936651 0.567442
vt 0.541841 0.800497
vt 0.498763 0.807615
vt 0.251918 0.755028
vt 0.276610 0.743577
vt 0.299706 0.755028
vt 0.040891 0.911268
vt 0.032808 0.900399
vt 0.855902 0.808026
vt 0.841980 0.814548
vt 0.723182 0.887617
vt 0.731664 0.859542
vt 0.748093 0.891430
vt 0.726892 0.891799
vt 0.018676 0.797049
vt 0.015783 0.762129
vt 0.067780 0.911992
vt 0.070744 0.868914
vt 0.882628 0.576576
vt 0.890049 0.600470
vt 0.882627 0.624363
vt 0.886338 0.628545
vt 0.015713 0.738850
vt 0.030553 0.735139
vt 0.045393 0.738850
vt 0.959931 0.577324
vt 0.956220 0.581506
vt 0.963641 0.605399
vt 0.956220 0.629293
vt 0.865184 0.782478
vt 0.847061 0.768910
vt 0.861474 0.771878
vt 0.868895 0.793078
vt 0.865184 0.803679
vt 0.847061 0.817247
vt 0.861474 0.814279
vt 0.620424 0.953019
vt 0.621873 0.980933
vt 0.612697 0.973259
vt 0.612067 0.962052
vt 0.625944 0.689403
vt 0.643956 0.655931
vt 0.637517 0.699892
vt 0.616768 0.691323
vt 0.662439 0.691614
vt 0.661681 0.701653
vt 0.521502 0.694540
vt 0.549261 0.694609
vt 0.548690 0.704670
vt 0.522371 0.704579
vt 0.558779 0.691688
vt 0.577373 0.655931
vt 0.584322 0.699879
vt 0.559872 0.701749
vt 0.595265 0.689414
vt 0.603623 0.691420
vt 0.042932 0.978280
vt 0.031725 0.978372
vt 0.031256 0.961979
vt 0.042452 0.961898
vt 0.636620 0.709565
vt 0.613502 0.707716
vt 0.661645 0.711742
vt 0.548819 0.714704
vt 0.522551 0.714668
vt 0.585610 0.709555
vt 0.560114 0.711783
vt 0.606947 0.707801
vt 0.683584 0.907495
vt 0.672389 0.906807
vt 0.672688 0.900674
vt 0.683832 0.901463
vt 0.635647 0.719301
vt 0.619635 0.717946
vt 0.660683 0.729409
vt 0.548785 0.732335
vt 0.522548 0.732335
vt 0.586719 0.719298
vt 0.561090 0.729414
vt 0.600915 0.717973
vt 0.893943 0.892662
vt 0.893937 0.864748
vt 0.927410 0.877701
vt 0.927415 0.894944
vt 0.517265 0.658857
vt 0.534508 0.658861
vt 0.551742 0.658852
vt 0.927420 0.860467
vt 0.679368 0.885995
vt 0.662155 0.884662
vt 0.668183 0.859625
vt 0.694420 0.861639
vt 0.696596 0.887268
vt 0.903932 0.357146
vt 0.891542 0.357370
vt 0.884728 0.216139
vt 0.922484 0.215810
vt 0.646581 0.003013
vt 0.667975 0.002437
vt 0.672292 0.143756
vt 0.645580 0.144245
vt 0.694286 0.001992
vt 0.708823 0.143487
vt 0.768430 0.001992
vt 0.796198 0.002497
vt 0.813464 0.143904
vt 0.768235 0.143487
vt 0.912694 0.001992
vt 0.938848 0.002551
vt 0.926136 0.143792
vt 0.894663 0.143399
vt 0.959152 0.002732
vt 0.961536 0.144068
vt 0.892434 0.181962
vt 0.904920 0.181928
vt 0.674596 0.178179
vt 0.649766 0.178421
vt 0.698674 0.178055
vt 0.785434 0.178125
vt 0.773081 0.178055
vt 0.930304 0.177801
vt 0.905625 0.177620
vt 0.954634 0.177950
vt 0.698536 0.701501
vt 0.710926 0.699570
vt 0.707934 0.723297
vt 0.688981 0.722895
vt 0.696722 0.749206
vt 0.724490 0.746028
vt 0.725775 0.719874
vt 0.750155 0.751699
vt 0.737670 0.751100
vt 0.745016 0.726748
vt 0.732382 0.726271
vt 0.739615 0.702192
vt 0.751968 0.702689
vt 0.757394 0.727368
vt 0.318131 0.455771
vt 0.323407 0.473514
vt 0.287757 0.472865
vt 0.293540 0.455174
vt 0.410463 0.455216
vt 0.411241 0.472907
vt 0.376702 0.481586
vt 0.386647 0.458513
vt 0.450006 0.455216
vt 0.456121 0.478290
vt 0.420472 0.478358
vt 0.425416 0.455893
vt 0.358606 0.458585
vt 0.367514 0.481050
vt 0.333171 0.472952
vt 0.334749 0.455209
vt 0.324735 0.527210
vt 0.281443 0.525999
vt 0.411539 0.526041
vt 0.375741 0.540025
vt 0.462405 0.536729
vt 0.419142 0.536252
vt 0.368991 0.538944
vt 0.332340 0.526648
vt 0.324416 0.536052
vt 0.279505 0.535183
vt 0.412061 0.535225
vt 0.379695 0.557003
vt 0.464280 0.553706
vt 0.419368 0.554509
vt 0.365151 0.557201
vt 0.332860 0.535489
vt 0.560267 0.982227
vt 0.548837 0.970224
vt 0.559565 0.957636
vt 0.536452 0.982836
vt 0.535709 0.958245
vt 0.314739 0.547093
vt 0.302419 0.554980
vt 0.288736 0.545845
vt 0.287934 0.562916
vt 0.313952 0.564697
vt 0.409309 0.545887
vt 0.389766 0.562958
vt 0.455003 0.559662
vt 0.428985 0.561443
vt 0.353606 0.564135
vt 0.334688 0.546530
vt 0.483939 0.882689
vt 0.449157 0.882687
vt 0.454069 0.871191
vt 0.479810 0.871123
vt 0.245013 0.920392
vt 0.219272 0.920324
vt 0.219311 0.911323
vt 0.245181 0.911537
vt 0.243363 0.900779
vt 0.220391 0.900612
vt 0.217291 0.883984
vt 0.246181 0.884021
vt 0.795670 0.839648
vt 0.760900 0.840048
vt 0.760687 0.821546
vt 0.795495 0.820735
vt 0.297155 0.907560
vt 0.305450 0.886003
vt 0.319771 0.910055
vt 0.307882 0.919056
vt 0.424202 0.882779
vt 0.432996 0.904306
vt 0.422228 0.915872
vt 0.410066 0.907017
vt 0.217278 0.876152
vt 0.246109 0.876117
vt 0.286957 0.874352
vt 0.305458 0.874613
vt 0.483740 0.915872
vt 0.448932 0.915895
vt 0.424078 0.871323
vt 0.442991 0.871123
vt 0.321207 0.882716
vt 0.320047 0.899344
vt 0.409345 0.896259
vt 0.408070 0.879501
vt 0.321230 0.874884
vt 0.792661 0.855681
vt 0.763830 0.855819
vt 0.408046 0.871597
vt 0.956813 0.895219
vt 0.933360 0.890690
vt 0.933380 0.864962
vt 0.956829 0.860395
vt 0.786458 0.892703
vt 0.786454 0.888759
vt 0.812192 0.888727
vt 0.812186 0.892682
vt 0.787891 0.880373
vt 0.784885 0.866588
vt 0.813762 0.866570
vt 0.810754 0.880347
vt 0.600293 0.933049
vt 0.600313 0.914009
vt 0.635135 0.914077
vt 0.635116 0.933099
vt 0.811649 0.823809
vt 0.835098 0.836915
vt 0.831143 0.842072
vt 0.811652 0.840131
vt 0.690897 0.927440
vt 0.710392 0.925495
vt 0.714337 0.930664
vt 0.690884 0.943782
vt 0.784888 0.860065
vt 0.813759 0.860054
vt 0.802207 0.840134
vt 0.802200 0.821112
vt 0.966278 0.860392
vt 0.966263 0.895215
vt 0.681433 0.946475
vt 0.681440 0.927436
vt 0.822762 0.855085
vt 0.808985 0.856181
vt 0.688222 0.911367
vt 0.702007 0.912461
vt 0.802470 0.856190
vt 0.632138 0.949155
vt 0.603267 0.949125
vt 0.681699 0.911360
vt 0.480604 0.306283
vt 0.475436 0.207307
vt 0.503696 0.207778
vt 0.491435 0.306576
vt 0.455205 0.327346
vt 0.469496 0.426143
vt 0.442160 0.426647
vt 0.440502 0.328441
vt 0.412333 0.426787
vt 0.422097 0.329468
vt 0.229051 0.328747
vt 0.237032 0.426066
vt 0.194310 0.426888
vt 0.203558 0.328987
vt 0.340590 0.329493
vt 0.346101 0.427394
vt 0.316067 0.427360
vt 0.322086 0.328525
vt 0.291627 0.426400
vt 0.307965 0.327424
vt 0.484094 0.182441
vt 0.495175 0.182570
vt 0.459471 0.451352
vt 0.440425 0.451013
vt 0.423392 0.450722
vt 0.223067 0.450001
vt 0.212097 0.450247
vt 0.340430 0.450754
vt 0.321418 0.451310
vt 0.304103 0.451266
vt 0.502887 0.922150
vt 0.495745 0.938341
vt 0.492056 0.919760
vt 0.512769 0.936853
vt 0.506638 0.955258
vt 0.481145 0.952384
vt 0.479525 0.933881
vt 0.412313 0.957802
vt 0.415153 0.938155
vt 0.423394 0.955815
vt 0.425983 0.936769
vt 0.417421 0.919736
vt 0.406452 0.921475
vt 0.404046 0.940486
vt 0.604657 0.983961
vt 0.596348 0.974926
vt 0.597005 0.963740
vt 0.606126 0.956054
vt 0.802820 0.585412
vt 0.811942 0.587349
vt 0.791206 0.595911
vt 0.784848 0.551941
vt 0.767020 0.597651
vt 0.766348 0.587619
vt 0.700349 0.549606
vt 0.699483 0.559639
vt 0.673156 0.559739
vt 0.672588 0.549680
vt 0.759690 0.585309
vt 0.758690 0.595369
vt 0.734185 0.593504
vt 0.741064 0.549555
vt 0.714879 0.585035
vt 0.723187 0.583029
vt 0.013678 0.978302
vt 0.014142 0.961898
vt 0.025316 0.961954
vt 0.024865 0.978370
vt 0.815134 0.603766
vt 0.792010 0.605590
vt 0.766973 0.607739
vt 0.699300 0.569726
vt 0.673027 0.569771
vt 0.758513 0.605400
vt 0.732985 0.603186
vt 0.711625 0.601439
vt 0.715557 0.803521
vt 0.715297 0.797425
vt 0.726433 0.796621
vt 0.726731 0.802803
vt 0.808952 0.613990
vt 0.792939 0.615326
vt 0.767895 0.625408
vt 0.699302 0.587396
vt 0.673062 0.587400
vt 0.757568 0.623029
vt 0.731923 0.612932
vt 0.717721 0.611620
vt 0.854522 0.862784
vt 0.887988 0.877752
vt 0.854522 0.890690
vt 0.887993 0.860510
vt 0.687346 0.513933
vt 0.704588 0.513928
vt 0.670111 0.513925
vt 0.887996 0.894987
vt 0.719762 0.781937
vt 0.736974 0.780608
vt 0.730953 0.755563
vt 0.704713 0.757577
vt 0.702536 0.783223
vt 0.504796 0.573628
vt 0.508422 0.568770
vt 0.514027 0.578106
vt 0.514618 0.580888
vt 0.504363 0.602557
vt 0.487845 0.589266
vt 0.372491 0.657679
vt 0.355837 0.632609
vt 0.364843 0.633309
vt 0.366788 0.569888
vt 0.361659 0.587166
vt 0.353087 0.576109
vt 0.356124 0.568726
vt 0.431868 0.593963
vt 0.491009 0.567196
vt 0.501673 0.566034
vt 0.478235 0.595723
vt 0.492138 0.623343
vt 0.501960 0.629917
vt 0.485306 0.654987
vt 0.353434 0.605249
vt 0.367685 0.605949
vt 0.483948 0.631317
vt 0.425928 0.596655
vt 0.379562 0.598415
vt 0.343179 0.583580
vt 0.373849 0.634009
vt 0.343770 0.580798
vt 0.338758 0.567999
vt 0.519039 0.565307
vt 0.078344 0.969006
vt 0.093674 0.986372
vt 0.078344 0.975756
vt 0.769940 0.309596
vt 0.761884 0.309668
vt 0.755861 0.212659
vt 0.776605 0.212164
vt 0.754013 0.309987
vt 0.746489 0.213419
vt 0.660912 0.182401
vt 0.663889 0.182285
vt 0.658558 0.278661
vt 0.653389 0.278969
vt 0.682807 0.182348
vt 0.690147 0.279018
vt 0.685248 0.182627
vt 0.693987 0.279741
vt 0.778349 0.309761
vt 0.787088 0.212647
vt 0.762959 0.182333
vt 0.770968 0.182060
vt 0.758969 0.182703
vt 0.670024 0.309351
vt 0.665868 0.309685
vt 0.678131 0.309458
vt 0.681984 0.310061
vt 0.775084 0.182327
vt 0.510648 0.975588
vt 0.510737 0.967532
vt 0.513902 0.971366
vt 0.513024 0.983459
vt 0.517070 0.980482
vt 0.514085 0.961564
vt 0.510274 0.959123
vt 0.004474 0.986009
vt 0.002706 0.994018
vt 0.002782 0.989862
vt 0.001929 0.998008
vt 0.001966 0.993852
vt 0.003099 0.985745
vt 0.004777 0.981892
vt 0.040480 0.559917
vt 0.015885 0.560633
vt 0.010106 0.543031
vt 0.045755 0.542272
vt 0.218799 0.565016
vt 0.195221 0.561965
vt 0.186180 0.539508
vt 0.220616 0.547415
vt 0.257557 0.563884
vt 0.232960 0.563163
vt 0.227998 0.541345
vt 0.263654 0.541428
vt 0.079651 0.556860
vt 0.056072 0.559917
vt 0.053745 0.542272
vt 0.087807 0.535041
vt 0.003839 0.488416
vt 0.047114 0.487455
vt 0.183268 0.479844
vt 0.220677 0.492799
vt 0.226669 0.482597
vt 0.269923 0.481763
vt 0.053066 0.487455
vt 0.091058 0.476294
vt 0.001929 0.477808
vt 0.046841 0.476892
vt 0.185912 0.461420
vt 0.220441 0.482192
vt 0.226887 0.462592
vt 0.271797 0.463339
vt 0.054175 0.476892
vt 0.088772 0.456288
vt 0.590408 0.956666
vt 0.589786 0.981261
vt 0.578780 0.968642
vt 0.566830 0.956054
vt 0.566207 0.980652
vt 0.037144 0.464664
vt 0.011143 0.466236
vt 0.024807 0.457146
vt 0.010313 0.449728
vt 0.036328 0.447809
vt 0.195428 0.454112
vt 0.216243 0.470620
vt 0.236503 0.454112
vt 0.262518 0.456032
vt 0.057708 0.464664
vt 0.077907 0.447809
vt 0.459095 0.659368
vt 0.453972 0.677847
vt 0.448754 0.677334
vt 0.453849 0.658852
vt 0.462611 0.693095
vt 0.447355 0.691886
vt 0.454108 0.735988
vt 0.445560 0.735435
vt 0.063608 0.973863
vt 0.063771 0.962622
vt 0.072403 0.962798
vt 0.072156 0.979765
vt 0.085145 0.994238
vt 0.085976 0.990237
vt 0.086522 0.990359
vt 0.088215 0.990687
vt 0.177607 0.960774
vt 0.186007 0.942720
vt 0.191226 0.942207
vt 0.192946 0.959266
vt 0.182412 0.960301
vt 0.180860 0.924330
vt 0.186106 0.923814
vt 0.043836 0.997783
vt 0.043631 0.983716
vt 0.048878 0.983612
vt 0.049082 0.997679
vt 0.411360 0.662278
vt 0.411880 0.680760
vt 0.396092 0.679937
vt 0.397293 0.661544
vt 0.413539 0.695311
vt 0.393936 0.696996
vt 0.405917 0.738860
vt 0.388950 0.737986
vt 0.393185 0.703115
vt 0.337489 0.661544
vt 0.338692 0.679934
vt 0.322905 0.680757
vt 0.323422 0.662277
vt 0.341047 0.697988
vt 0.327175 0.696005
vt 0.343868 0.721434
vt 0.345905 0.738321
vt 0.334663 0.738898
vt 0.268985 0.870498
vt 0.265553 0.853611
vt 0.276348 0.834776
vt 0.277617 0.869647
vt 0.193169 0.965385
vt 0.263670 0.833289
vt 0.270611 0.835058
vt 0.023758 0.997797
vt 0.020987 0.992059
vt 0.022707 0.987244
vt 0.024308 0.987040
vt 0.022709 0.982243
vt 0.024205 0.982235
vt 0.342543 0.697765
vt 0.349731 0.701112
vt 0.262522 0.812869
vt 0.265592 0.812745
vt 0.136642 0.991619
vt 0.141661 0.969305
vt 0.143354 0.969490
vt 0.141457 0.988006
vt 0.143900 0.969550
vt 0.146459 0.986503
vt 0.342503 0.680813
vt 0.346504 0.680693
vt 0.557362 0.887071
vt 0.577932 0.883738
vt 0.572169 0.895016
vt 0.566406 0.901416
vt 0.566362 0.901211
vt 0.668821 0.964470
vt 0.675701 0.973404
vt 0.673642 0.979379
vt 0.668821 0.964452
vt 0.337663 0.870269
vt 0.320297 0.853067
vt 0.307810 0.841616
vt 0.335859 0.841507
vt 0.567207 0.866530
vt 0.578041 0.883720
vt 0.562269 0.875379
vt 0.576484 0.900888
vt 0.574928 0.913178
vt 0.541576 0.867887
vt 0.546515 0.876736
vt 0.530936 0.884699
vt 0.530827 0.884680
vt 0.551422 0.888428
vt 0.542422 0.902568
vt 0.536679 0.896072
vt 0.337267 0.812745
vt 0.320099 0.830077
vt 0.354457 0.841398
vt 0.532341 0.902046
vt 0.542378 0.902773
vt 0.533855 0.914534
vt 0.643254 0.967144
vt 0.643254 0.967126
vt 0.638324 0.981854
vt 0.636162 0.975983
vt 0.666929 0.950345
vt 0.684049 0.961719
vt 0.684131 0.967693
vt 0.323538 0.868377
vt 0.308612 0.863557
vt 0.531163 0.898823
vt 0.530827 0.898805
vt 0.578041 0.897845
vt 0.577704 0.897863
vt 0.308414 0.819566
vt 0.323142 0.814636
vt 0.627814 0.970169
vt 0.627814 0.964297
vt 0.645146 0.953019
vt 0.324947 0.002879
vt 0.298011 0.323559
vt 0.275117 0.323457
vt 0.277341 0.002141
vt 0.247426 0.323296
vt 0.252025 0.001992
vt 0.570101 0.808636
vt 0.574794 0.808433
vt 0.584543 0.831607
vt 0.583977 0.831530
vt 0.575635 0.857675
vt 0.570728 0.859221
vt 0.360063 0.323416
vt 0.332340 0.002819
vt 0.380508 0.001992
vt 0.383237 0.323358
vt 0.408869 0.002028
vt 0.409305 0.323481
vt 0.487109 0.735381
vt 0.482953 0.734392
vt 0.502379 0.686785
vt 0.509942 0.687213
vt 0.470090 0.661470
vt 0.470836 0.658852
vt 0.239834 0.323568
vt 0.236104 0.002264
vt 0.241010 0.001992
vt 0.240579 0.323445
vt 0.436744 0.002018
vt 0.420061 0.322615
vt 0.415368 0.322672
vt 0.432588 0.001992
vt 0.298594 0.992106
vt 0.286464 0.988685
vt 0.285636 0.968512
vt 0.297765 0.971927
vt 0.174219 0.992071
vt 0.163336 0.989517
vt 0.164151 0.969305
vt 0.174982 0.971897
vt 0.152399 0.990378
vt 0.153205 0.970132
vt 0.373291 0.985795
vt 0.361161 0.989257
vt 0.361989 0.969005
vt 0.374118 0.965549
vt 0.203461 0.989943
vt 0.192564 0.992497
vt 0.191865 0.972283
vt 0.202703 0.969691
vt 0.181634 0.991594
vt 0.180922 0.971416
vt 0.482460 0.977110
vt 0.482507 0.964979
vt 0.493389 0.971253
vt 0.493343 0.983384
vt 0.504280 0.977527
vt 0.504333 0.965397
vt 0.493437 0.959123
vt 0.448603 0.967523
vt 0.448700 0.979652
vt 0.437775 0.973796
vt 0.437869 0.985925
vt 0.426923 0.980069
vt 0.426822 0.967940
vt 0.437659 0.961666
vt 0.183665 0.673143
vt 0.151602 0.667201
vt 0.155418 0.655627
vt 0.201420 0.663864
vt 0.242427 0.728139
vt 0.262452 0.713044
vt 0.281189 0.718363
vt 0.253555 0.739712
vt 0.262411 0.688127
vt 0.279101 0.683080
vt 0.242946 0.672164
vt 0.254103 0.660549
vt 0.151189 0.723176
vt 0.183301 0.718034
vt 0.201090 0.727354
vt 0.154921 0.734790
vt 0.201227 0.695655
vt 0.225101 0.695646
vt 0.697637 0.337679
vt 0.705874 0.383681
vt 0.694200 0.375331
vt 0.688374 0.344426
vt 0.684524 0.413655
vt 0.679019 0.397219
vt 0.649241 0.415145
vt 0.654085 0.398182
vt 0.626711 0.384178
vt 0.638224 0.375591
vt 0.634147 0.338009
vt 0.643481 0.344566
vt 0.665854 0.313998
vt 0.665885 0.329291
vt 0.155875 0.695305
vt 0.232330 0.700035
vt 0.666112 0.365959
vt 0.040813 0.925858
vt 0.040813 0.947308
vt 0.001929 0.945325
vt 0.001929 0.927841
vt 0.040813 0.958034
vt 0.001929 0.954067
vt 0.047405 0.958757
vt 0.047405 0.948032
vt 0.086290 0.946048
vt 0.086290 0.954790
vt 0.047405 0.926582
vt 0.086290 0.928565
vt 0.047405 0.915856
vt 0.086290 0.919823
vt 0.040813 0.915133
vt 0.001929 0.919099
vt 0.092693 0.954417
vt 0.092693 0.932966
vt 0.108901 0.943691
vt 0.108901 0.965142
vt 0.125109 0.954417
vt 0.125109 0.932966
vt 0.108901 0.922241
vt 0.910000 0.830377
vt 0.910000 0.847861
vt 0.896670 0.839119
vt 0.896670 0.856602
vt 0.883341 0.847861
vt 0.883341 0.830377
vt 0.896670 0.821635
vt 0.434564 0.738164
vt 0.429318 0.738680
vt 0.424222 0.720197
vt 0.429441 0.719684
vt 0.422824 0.705644
vt 0.438080 0.704434
vt 0.421029 0.662095
vt 0.429578 0.661544
vt 0.048872 0.968510
vt 0.057421 0.962622
vt 0.057668 0.979578
vt 0.049036 0.979748
vt 0.075710 0.990237
vt 0.078780 0.993788
vt 0.077088 0.994114
vt 0.076541 0.994237
vt 0.200251 0.928867
vt 0.205057 0.929339
vt 0.215590 0.930375
vt 0.213870 0.947433
vt 0.208651 0.946920
vt 0.208750 0.965826
vt 0.203504 0.965310
vt 0.030627 0.982236
vt 0.035873 0.982340
vt 0.035669 0.996407
vt 0.030422 0.996303
vt 0.379246 0.738129
vt 0.365179 0.738863
vt 0.363980 0.720470
vt 0.379769 0.719647
vt 0.361831 0.703411
vt 0.381439 0.705094
vt 0.361091 0.697293
vt 0.356871 0.662428
vt 0.373827 0.661544
vt 0.303531 0.737973
vt 0.289463 0.737240
vt 0.288940 0.718760
vt 0.304729 0.719583
vt 0.293187 0.703510
vt 0.307077 0.701529
vt 0.300667 0.660620
vt 0.311905 0.661206
vt 0.309884 0.678087
vt 0.291629 0.812745
vt 0.300261 0.813593
vt 0.298992 0.848458
vt 0.288197 0.829625
vt 0.215813 0.924257
vt 0.293255 0.848175
vt 0.286314 0.849944
vt 0.012085 0.997796
vt 0.011552 0.987040
vt 0.013156 0.987244
vt 0.014869 0.992059
vt 0.011647 0.982235
vt 0.013150 0.982243
vt 0.315766 0.698406
vt 0.308580 0.701752
vt 0.288236 0.870487
vt 0.285166 0.870362
vt 0.120885 0.969305
vt 0.125700 0.972917
vt 0.127597 0.991433
vt 0.125904 0.991618
vt 0.130702 0.974421
vt 0.128144 0.991373
vt 0.312546 0.718824
vt 0.308546 0.718703
vt 0.489879 0.879456
vt 0.494001 0.867887
vt 0.519738 0.867952
vt 0.524653 0.879448
vt 0.253272 0.920401
vt 0.253114 0.911533
vt 0.278966 0.911342
vt 0.279009 0.920337
vt 0.254936 0.900776
vt 0.252121 0.884017
vt 0.280993 0.884001
vt 0.277892 0.900629
vt 0.841827 0.840488
vt 0.841991 0.821635
vt 0.876799 0.822510
vt 0.876584 0.840923
vt 0.351063 0.907349
vt 0.340324 0.918845
vt 0.328517 0.909851
vt 0.342851 0.885800
vt 0.386031 0.880538
vt 0.400249 0.904779
vt 0.388143 0.913647
vt 0.377331 0.902079
vt 0.252191 0.876117
vt 0.281016 0.876156
vt 0.342892 0.874398
vt 0.361306 0.874134
vt 0.524887 0.912663
vt 0.490078 0.912635
vt 0.367246 0.868899
vt 0.386098 0.869084
vt 0.328319 0.899138
vt 0.327177 0.882509
vt 0.402098 0.877263
vt 0.400875 0.894022
vt 0.327170 0.874665
vt 0.873658 0.856646
vt 0.844833 0.856495
vt 0.402106 0.869363
vt 0.200611 0.915351
vt 0.187676 0.898033
vt 0.202301 0.898033
vt 0.211338 0.919949
vt 0.200611 0.880716
vt 0.211338 0.876117
vt 0.152105 0.896897
vt 0.152105 0.874981
vt 0.168485 0.875961
vt 0.168604 0.896897
vt 0.152105 0.918813
vt 0.168485 0.917833
vt 0.214035 0.819773
vt 0.231853 0.812745
vt 0.231853 0.821367
vt 0.212165 0.826287
vt 0.249671 0.819773
vt 0.251542 0.826287
vt 0.231853 0.843040
vt 0.255908 0.843040
vt 0.249671 0.854561
vt 0.231853 0.861590
vt 0.207799 0.843040
vt 0.214035 0.854561
vt 0.135438 0.964995
vt 0.132320 0.944059
vt 0.153611 0.944059
vt 0.153611 0.965441
vt 0.135438 0.923123
vt 0.153611 0.922678
vt 0.164593 0.926241
vt 0.170831 0.944059
vt 0.164593 0.961877
vt 0.106965 0.882009
vt 0.124783 0.874981
vt 0.124783 0.898919
vt 0.103401 0.898651
vt 0.142601 0.882009
vt 0.146164 0.898651
vt 0.691151 0.683664
vt 0.695310 0.674386
vt 0.708757 0.682769
vt 0.708736 0.695705
vt 0.626021 0.754597
vt 0.621862 0.745320
vt 0.639447 0.733279
vt 0.639468 0.746214
vt 0.711143 0.665616
vt 0.711143 0.672043
vt 0.697596 0.648857
vt 0.700160 0.632216
vt 0.711143 0.626894
vt 0.711143 0.648857
vt 0.729315 0.627677
vt 0.728411 0.648857
vt 0.728080 0.666766
vt 0.727523 0.674511
vt 0.630872 0.796768
vt 0.628307 0.780126
vt 0.641854 0.780126
vt 0.641854 0.802090
vt 0.641854 0.763367
vt 0.641854 0.756940
vt 0.658234 0.754472
vt 0.658791 0.762217
vt 0.659122 0.780126
vt 0.660027 0.801306
vt 0.641854 0.770391
vt 0.659163 0.770120
vt 0.621272 0.767239
vt 0.124783 0.918377
vt 0.110872 0.911538
vt 0.138694 0.911538
vt 0.711143 0.658592
vt 0.690560 0.661744
vt 0.728452 0.658863
vt 0.231853 0.829855
vt 0.252790 0.833369
vt 0.210917 0.833369
vt 0.669205 0.763374
vt 0.666199 0.756860
vt 0.671210 0.770456
vt 0.672751 0.780127
vt 0.669543 0.791648
vt 0.231853 0.872253
vt 0.210917 0.864220
vt 0.252789 0.864220
vt 0.738832 0.637336
vt 0.742040 0.648857
vt 0.740499 0.658528
vt 0.738494 0.665610
vt 0.735487 0.672124
vt 0.176449 0.879079
vt 0.181735 0.896897
vt 0.176449 0.914715
vt 0.609403 0.760400
vt 0.678692 0.668583
vt 0.940771 0.821698
vt 0.940784 0.856521
vt 0.917324 0.851944
vt 0.917307 0.826218
vt 0.847017 0.893171
vt 0.821291 0.893154
vt 0.821285 0.889198
vt 0.847024 0.889231
vt 0.845582 0.880841
vt 0.822716 0.880811
vt 0.819703 0.867028
vt 0.848581 0.867048
vt 0.593622 0.936085
vt 0.558797 0.936130
vt 0.558779 0.917102
vt 0.593602 0.917042
vt 0.730513 0.852973
vt 0.730519 0.836647
vt 0.750017 0.834709
vt 0.753972 0.839871
vt 0.651278 0.930395
vt 0.651259 0.914052
vt 0.674723 0.927159
vt 0.670782 0.932330
vt 0.819704 0.860510
vt 0.848576 0.860522
vt 0.721060 0.855678
vt 0.721066 0.836650
vt 0.950223 0.821704
vt 0.950236 0.856527
vt 0.641814 0.930402
vt 0.641806 0.911360
vt 0.727847 0.820598
vt 0.741629 0.821693
vt 0.662392 0.945375
vt 0.648599 0.946473
vt 0.721329 0.820590
vt 0.590647 0.952163
vt 0.561775 0.952190
vt 0.642073 0.946481
vt 0.111578 0.002848
vt 0.160833 0.001992
vt 0.160862 0.324075
vt 0.110544 0.324222
vt 0.210121 0.002930
vt 0.210768 0.324655
vt 0.560605 0.861798
vt 0.546894 0.811479
vt 0.545570 0.811618
vt 0.562760 0.862666
vt 0.608380 0.858339
vt 0.590858 0.808433
vt 0.595629 0.808456
vt 0.609704 0.858478
vt 0.001929 0.001992
vt 0.052976 0.002908
vt 0.053072 0.324897
vt 0.003725 0.324137
vt 0.102999 0.002623
vt 0.102428 0.324121
vt 0.887654 0.563429
vt 0.872714 0.514082
vt 0.874882 0.514068
vt 0.889886 0.563323
vt 0.887689 0.464726
vt 0.889815 0.464780
vt 0.217234 0.002169
vt 0.219360 0.001992
vt 0.229475 0.323490
vt 0.224704 0.323894
vt 0.111472 0.002737
vt 0.109676 0.324882
vt 0.268183 0.964637
vt 0.271198 0.924291
vt 0.282488 0.924266
vt 0.284757 0.964647
vt 0.874835 0.771405
vt 0.915216 0.769003
vt 0.916607 0.793232
vt 0.875993 0.794769
vt 0.917553 0.816407
vt 0.876782 0.817771
vt 0.239515 0.924275
vt 0.239528 0.965045
vt 0.222895 0.965123
vt 0.222958 0.924257
vt 0.925412 0.769003
vt 0.966278 0.770490
vt 0.965236 0.794497
vt 0.924646 0.792584
vt 0.963839 0.817833
vt 0.923493 0.815568
vt 0.609811 0.863779
vt 0.600553 0.886532
vt 0.593236 0.863086
vt 0.617127 0.887143
vt 0.608175 0.910145
vt 0.591618 0.909651
vt 0.583981 0.886070
vt 0.755005 0.816726
vt 0.759481 0.792651
vt 0.766294 0.816169
vt 0.776029 0.791940
vt 0.766940 0.768765
vt 0.750308 0.769383
vt 0.742914 0.793389
vt 0.537527 0.002002
vt 0.536698 0.001992
vt 0.535684 0.090094
vt 0.513491 0.043599
vt 0.282810 0.568583
vt 0.281675 0.568562
vt 0.304288 0.610151
vt 0.281796 0.656685
vt 0.535358 0.178556
vt 0.521101 0.178572
vt 0.558177 0.043560
vt 0.549757 0.178474
vt 0.657409 0.979181
vt 0.651086 0.964924
vt 0.657066 0.964781
vt 0.660989 0.978935
vt 0.657149 0.950525
vt 0.660393 0.950345
vt 0.602508 0.002043
vt 0.616663 0.001992
vt 0.616979 0.090356
vt 0.594632 0.136933
vt 0.631098 0.002054
vt 0.639298 0.136969
vt 0.618290 0.178524
vt 0.618764 0.178525
vt 0.310498 0.568562
vt 0.332818 0.615175
vt 0.310228 0.656755
vt 0.311810 0.656730
vt 0.096635 0.992768
vt 0.096161 0.993246
vt 0.095731 0.990669
vt 0.096560 0.990401
vt 0.094580 0.992617
vt 0.094596 0.990237
vt 0.570949 0.001992
vt 0.573329 0.002071
vt 0.572154 0.043652
vt 0.570129 0.043581
vt 0.567684 0.178566
vt 0.564440 0.178495
vt 0.579536 0.002064
vt 0.581903 0.001992
vt 0.583241 0.043589
vt 0.579653 0.043657
vt 0.588315 0.178562
vt 0.584735 0.178547
vt 0.307425 0.963249
vt 0.290827 0.963288
vt 0.293080 0.922928
vt 0.304397 0.922920
vt 0.813522 0.762447
vt 0.814706 0.739024
vt 0.855314 0.740645
vt 0.853882 0.764945
vt 0.815517 0.716000
vt 0.856286 0.717436
vt 0.245553 0.924299
vt 0.262099 0.924266
vt 0.262154 0.965124
vt 0.245539 0.965068
vt 0.766383 0.764900
vt 0.765611 0.741266
vt 0.806200 0.739300
vt 0.807241 0.763346
vt 0.764461 0.718235
vt 0.804789 0.715910
vt 0.630369 0.860382
vt 0.646967 0.859656
vt 0.639643 0.883176
vt 0.623068 0.883805
vt 0.632034 0.906829
vt 0.648579 0.906320
vt 0.656214 0.882687
vt 0.802995 0.816871
vt 0.791678 0.816318
vt 0.798518 0.792775
vt 0.781969 0.792018
vt 0.791075 0.768809
vt 0.807690 0.769435
vt 0.815090 0.793481
vt 0.549406 0.547717
vt 0.512746 0.558522
vt 0.514136 0.526481
vt 0.555222 0.525971
vt 0.477918 0.547730
vt 0.473065 0.525659
vt 0.903004 0.486738
vt 0.923396 0.464726
vt 0.927433 0.508882
vt 0.903004 0.508810
vt 0.957603 0.480154
vt 0.966265 0.508547
vt 0.130433 0.650893
vt 0.129804 0.610268
vt 0.159719 0.610268
vt 0.158826 0.651261
vt 0.130589 0.569004
vt 0.158971 0.569249
vt 0.804986 0.464999
vt 0.839192 0.449828
vt 0.835157 0.493975
vt 0.796328 0.493381
vt 0.866774 0.471442
vt 0.866760 0.493188
vt 0.512746 0.503588
vt 0.554139 0.504482
vt 0.471977 0.504297
vt 0.927442 0.530539
vt 0.903025 0.530171
vt 0.966272 0.530153
vt 0.160433 0.610268
vt 0.180433 0.651142
vt 0.180353 0.568881
vt 0.835149 0.515489
vt 0.796313 0.514764
vt 0.866758 0.514677
vt 0.512852 0.455216
vt 0.552807 0.478415
vt 0.472723 0.478023
vt 0.927444 0.563578
vt 0.895827 0.556446
vt 0.966278 0.551692
vt 0.204232 0.609537
vt 0.201972 0.650564
vt 0.201604 0.569811
vt 0.835145 0.548076
vt 0.796305 0.536014
vt 0.866757 0.540743
vt 0.791550 0.396542
vt 0.790878 0.359882
vt 0.822488 0.396542
vt 0.798066 0.431370
vt 0.818458 0.445964
vt 0.852664 0.437167
vt 0.869976 0.396542
vt 0.852666 0.355277
vt 0.818460 0.345866
vt 0.168806 0.468051
vt 0.177304 0.508007
vt 0.158727 0.508010
vt 0.168813 0.548136
vt 0.137195 0.564090
vt 0.098362 0.548409
vt 0.102549 0.507382
vt 0.098354 0.467656
vt 0.137194 0.452478
vt 0.595731 0.306379
vt 0.584902 0.306680
vt 0.572599 0.207806
vt 0.600886 0.207362
vt 0.524207 0.182441
vt 0.538823 0.183562
vt 0.536920 0.281832
vt 0.509637 0.281314
vt 0.557149 0.184612
vt 0.566659 0.281972
vt 0.250978 0.327432
vt 0.276471 0.327663
vt 0.285687 0.425621
vt 0.242972 0.424792
vt 0.357196 0.329447
vt 0.375659 0.328453
vt 0.382017 0.427340
vt 0.352041 0.427405
vt 0.389790 0.327346
vt 0.406393 0.426363
vt 0.581093 0.182534
vt 0.592197 0.182431
vt 0.538504 0.306243
vt 0.519479 0.306587
vt 0.555497 0.305940
vt 0.267883 0.449013
vt 0.256916 0.448760
vt 0.376838 0.451344
vt 0.357845 0.450796
vt 0.394091 0.451294
vt 0.529039 0.920830
vt 0.539869 0.918399
vt 0.536190 0.937038
vt 0.519152 0.935445
vt 0.525277 0.953772
vt 0.550771 0.950992
vt 0.552402 0.932530
vt 0.446040 0.957782
vt 0.434936 0.955778
vt 0.443180 0.938212
vt 0.432351 0.936753
vt 0.440922 0.919760
vt 0.451888 0.921536
vt 0.454304 0.940529
vt 0.457266 0.742544
vt 0.462213 0.810565
vt 0.442726 0.810836
vt 0.445415 0.742711
vt 0.955894 0.642440
vt 0.966278 0.710565
vt 0.948458 0.711642
vt 0.945612 0.643062
vt 0.928876 0.712387
vt 0.933683 0.643450
vt 0.790003 0.629438
vt 0.792894 0.698375
vt 0.773407 0.698106
vt 0.778154 0.629273
vt 0.874703 0.643302
vt 0.879582 0.712135
vt 0.860287 0.711098
vt 0.862788 0.642733
vt 0.842188 0.710311
vt 0.852426 0.642291
vt 0.355220 0.983400
vt 0.344916 0.977608
vt 0.355091 0.971550
vt 0.344937 0.989461
vt 0.333008 0.983694
vt 0.332814 0.971845
vt 0.344729 0.965759
vt 0.359033 0.932216
vt 0.376839 0.942197
vt 0.358758 0.951703
vt 0.376578 0.961684
vt 0.396160 0.952199
vt 0.396427 0.932712
vt 0.377132 0.922710
vt 0.862584 0.765045
vt 0.868684 0.756417
vt 0.888341 0.756402
vt 0.893409 0.765021
vt 0.868671 0.743774
vt 0.888328 0.743759
vt 0.869754 0.727708
vt 0.872552 0.716166
vt 0.884389 0.716156
vt 0.887215 0.727695
vt 0.363247 0.838490
vt 0.360645 0.812467
vt 0.392505 0.812492
vt 0.389861 0.838511
vt 0.503449 0.815150
vt 0.512705 0.823769
vt 0.508265 0.836412
vt 0.497369 0.837499
vt 0.444533 0.841235
vt 0.455426 0.842316
vt 0.459865 0.854959
vt 0.450616 0.863587
vt 0.059383 0.995466
vt 0.056846 0.995468
vt 0.056840 0.983631
vt 0.059377 0.983630
vt 0.492734 0.837499
vt 0.492851 0.811479
vt 0.706643 0.951372
vt 0.717241 0.950340
vt 0.717225 0.982200
vt 0.706626 0.982197
vt 0.440017 0.867258
vt 0.439899 0.841235
vt 0.504062 0.852476
vt 0.495779 0.864014
vt 0.442935 0.814708
vt 0.451221 0.826250
vt 0.493242 0.864022
vt 0.382451 0.865034
vt 0.370614 0.865025
vt 0.440398 0.814700
vt 0.946804 0.357148
vt 0.928425 0.215739
vt 0.966278 0.216065
vt 0.959208 0.357337
vt 0.505489 0.003076
vt 0.506754 0.144348
vt 0.480378 0.143916
vt 0.484509 0.002544
vt 0.443673 0.143501
vt 0.457837 0.001992
vt 0.760498 0.001992
vt 0.760568 0.143501
vt 0.715399 0.143976
vt 0.732677 0.002527
vt 0.870287 0.001992
vt 0.887855 0.143441
vt 0.856372 0.143857
vt 0.844178 0.002548
vt 0.821070 0.144139
vt 0.823965 0.002730
vt 0.946103 0.181814
vt 0.958752 0.181836
vt 0.502765 0.178576
vt 0.477875 0.178314
vt 0.453783 0.178076
vt 0.755751 0.178076
vt 0.743466 0.178196
vt 0.876917 0.177661
vt 0.852170 0.177885
vt 0.827989 0.178064
vt 0.676661 0.808108
vt 0.667199 0.829890
vt 0.664258 0.805954
vt 0.683007 0.829089
vt 0.678413 0.855761
vt 0.650592 0.852277
vt 0.649354 0.826167
vt 0.624711 0.855791
vt 0.629664 0.830900
vt 0.637360 0.854936
vt 0.642188 0.830047
vt 0.634821 0.805954
vt 0.622536 0.806862
vt 0.617276 0.831610
vt 0.717136 0.309717
vt 0.710430 0.212354
vt 0.731171 0.212854
vt 0.725183 0.309806
vt 0.740549 0.213606
vt 0.733051 0.310134
vt 0.639950 0.182484
vt 0.647448 0.279012
vt 0.642280 0.278706
vt 0.636986 0.182390
vt 0.610664 0.279028
vt 0.618051 0.182435
vt 0.606826 0.279753
vt 0.615601 0.182706
vt 0.708702 0.309912
vt 0.699927 0.212865
vt 0.716046 0.182285
vt 0.724055 0.182556
vt 0.728053 0.182914
vt 0.634952 0.309703
vt 0.630786 0.309353
vt 0.622671 0.309448
vt 0.618823 0.310056
vt 0.711924 0.182561
vt 0.523438 0.965504
vt 0.526561 0.969714
vt 0.523401 0.973551
vt 0.525890 0.957636
vt 0.529768 0.960600
vt 0.526796 0.979536
vt 0.523010 0.981985
vt 0.007471 0.973906
vt 0.005739 0.970058
vt 0.005707 0.965896
vt 0.004979 0.961898
vt 0.004951 0.966064
vt 0.006032 0.974180
vt 0.007738 0.978028
vt 0.600807 0.314025
vt 0.619299 0.365122
vt 0.562553 0.365199
vt 0.562902 0.313921
vt 0.600753 0.416322
vt 0.562858 0.416517
vt 0.065242 0.798785
vt 0.051334 0.771840
vt 0.112432 0.771589
vt 0.103137 0.800399
vt 0.080175 0.738531
vt 0.102496 0.738155
vt 0.905535 0.460763
vt 0.877680 0.411083
vt 0.911914 0.411064
vt 0.927856 0.460862
vt 0.905498 0.361353
vt 0.927825 0.361234
vt 0.147244 0.800657
vt 0.118372 0.769062
vt 0.179490 0.769179
vt 0.169571 0.800983
vt 0.132293 0.740404
vt 0.170198 0.738655
vt 0.793028 0.260815
vt 0.808596 0.209718
vt 0.832678 0.260876
vt 0.808326 0.312016
vt 0.835270 0.342002
vt 0.868579 0.310617
vt 0.878788 0.260936
vt 0.868849 0.211207
vt 0.837254 0.181989
vt 0.175464 0.336303
vt 0.188370 0.387581
vt 0.102033 0.387571
vt 0.175600 0.438899
vt 0.146789 0.448613
vt 0.113355 0.437404
vt 0.918598 0.411028
vt 0.113135 0.337777
vt 0.144940 0.328762
vt 0.482696 0.807592
vt 0.470845 0.807423
vt 0.468154 0.739245
vt 0.487641 0.739530
vt 0.912687 0.712292
vt 0.902453 0.711687
vt 0.905110 0.643097
vt 0.922936 0.644114
vt 0.890555 0.711332
vt 0.885522 0.642440
vt 0.764572 0.698164
vt 0.752723 0.698328
vt 0.747980 0.629538
vt 0.767467 0.629273
vt 0.831151 0.711081
vt 0.819306 0.711616
vt 0.816931 0.643246
vt 0.836248 0.642291
vt 0.808955 0.712046
vt 0.798835 0.643983
vt 0.304534 0.984793
vt 0.304677 0.972943
vt 0.314837 0.979002
vt 0.314768 0.990853
vt 0.326667 0.985086
vt 0.326873 0.973237
vt 0.315028 0.967152
vt 0.350884 0.932427
vt 0.351155 0.951914
vt 0.333056 0.942408
vt 0.333329 0.961894
vt 0.313741 0.952410
vt 0.313471 0.932923
vt 0.332787 0.922920
vt 0.931149 0.765138
vt 0.900324 0.765116
vt 0.905392 0.756497
vt 0.925049 0.756511
vt 0.905404 0.743854
vt 0.925061 0.743868
vt 0.923977 0.727802
vt 0.906516 0.727789
vt 0.909341 0.716251
vt 0.921178 0.716260
vt 0.429529 0.838490
vt 0.402915 0.838510
vt 0.400272 0.812490
vt 0.432132 0.812467
vt 0.529867 0.860351
vt 0.523787 0.838003
vt 0.534683 0.839089
vt 0.539123 0.851732
vt 0.470951 0.837480
vt 0.477034 0.815128
vt 0.486283 0.823755
vt 0.481844 0.836398
vt 0.068818 0.983631
vt 0.068812 0.995468
vt 0.066275 0.995467
vt 0.066281 0.983630
vt 0.519268 0.864022
vt 0.519152 0.838002
vt 0.690087 0.981168
vt 0.690072 0.950343
vt 0.700670 0.950340
vt 0.700686 0.982200
vt 0.466317 0.837480
vt 0.466435 0.811456
vt 0.522196 0.811486
vt 0.530480 0.823025
vt 0.477639 0.852464
vt 0.469353 0.864007
vt 0.519659 0.811479
vt 0.422160 0.865024
vt 0.410323 0.865033
vt 0.466816 0.864014
vn 0.555426 -0.691182 0.462352
vn 0.526237 -0.437696 0.729038
vn 0.526237 -0.437696 0.729038
vn 0.555936 -0.667526 0.495323
vn 0.911817 0.087006 0.401273
vn 0.911817 0.087006 0.401273
vn 0.911817 0.087006 0.401273
vn 0.911817 0.087006 0.401273
vn -0.859618 0.159349 -0.485453
vn -0.839827 0.139915 -0.524513
vn -0.805864 0.109600 -0.581869
vn -0.946252 0.072574 -0.315184
vn -0.859389 0.037841 -0.509921
vn -0.859389 0.037841 -0.509921
vn -0.949063 0.074026 -0.306267
vn 0.972292 -0.182772 0.145750
vn 0.972292 -0.182772 0.145750
vn 0.972292 -0.182772 0.145750
vn 0.972292 -0.182772 0.145750
vn 0.543225 -0.778098 0.315388
vn 0.543225 -0.778099 0.315388
vn 0.975365 0.082622 0.204539
vn 0.975365 0.082622 0.204539
vn 0.975365 0.082622 0.204539
vn 0.800189 0.035398 0.598702
vn 0.674073 0.073271 0.735022
vn 0.782790 0.041265 0.620916
vn -0.888698 -0.101865 -0.447034
vn -0.888698 -0.101865 -0.447034
vn -0.922441 -0.059099 -0.381588
vn -0.930362 -0.047544 -0.363547
vn 0.992675 -0.082318 -0.088436
vn 0.951864 -0.174961 -0.251680
vn 0.999616 -0.025734 0.010279
vn 0.999381 -0.012779 0.032781
vn 0.999381 -0.012779 0.032781
vn 0.841116 0.020472 0.540467
vn 0.841116 0.020472 0.540467
vn -0.956258 0.077930 -0.281955
vn -0.956258 0.077930 -0.281955
vn -0.946248 0.252171 -0.202548
vn -0.944299 0.224124 -0.240975
vn -0.944298 0.224124 -0.240975
vn -0.944298 0.224124 -0.240975
vn -0.944859 0.229765 -0.233345
vn -0.953725 -0.007943 -0.300576
vn -0.953725 -0.007943 -0.300576
vn -0.896368 0.201026 -0.395112
vn -0.941292 0.322185 -0.100827
vn -0.941292 0.322185 -0.100827
vn -0.520584 0.768936 0.371120
vn -0.877548 0.210784 0.430673
vn 0.530102 -0.639348 0.556979
vn -0.722260 0.471724 -0.505784
vn -0.739771 -0.136835 -0.658798
vn 0.076703 0.312316 -0.946877
vn 0.076703 0.312316 -0.946877
vn 0.001910 0.141657 -0.989914
vn 0.008149 0.156085 -0.987710
vn -0.168692 0.422823 -0.890373
vn -0.168692 0.422823 -0.890373
vn -0.176788 0.202154 -0.963265
vn -0.176902 0.193946 -0.964930
vn -0.717040 0.437591 -0.542556
vn -0.717040 0.437591 -0.542556
vn -0.757182 0.178308 -0.628396
vn -0.757180 0.178351 -0.628386
vn -0.810052 0.338606 0.478708
vn -0.810052 0.338606 0.478708
vn -0.858723 0.106273 0.501299
vn -0.858492 0.108500 0.501218
vn -0.280646 0.112636 0.953179
vn -0.280646 0.112636 0.953179
vn -0.323005 0.027438 0.946000
vn -0.321742 0.030070 0.946350
vn 0.274376 0.111100 0.955183
vn 0.274376 0.111100 0.955183
vn 0.316802 0.029574 0.948031
vn 0.317915 0.027359 0.947724
vn 0.808601 0.339013 0.480869
vn 0.808601 0.339013 0.480869
vn 0.857376 0.108782 0.503063
vn 0.857532 0.107307 0.503114
vn 0.764482 0.401167 -0.504611
vn 0.764482 0.401167 -0.504611
vn 0.825487 0.103223 -0.554902
vn 0.824294 0.118440 -0.553634
vn -0.077195 -0.044299 -0.996031
vn -0.077195 -0.044299 -0.996031
vn -0.172913 -0.101880 -0.979654
vn -0.172913 -0.101880 -0.979654
vn -0.715680 -0.206396 -0.667235
vn -0.715680 -0.206396 -0.667235
vn -0.854244 -0.167939 0.491999
vn -0.854244 -0.167939 0.491999
vn -0.363730 -0.060963 0.929507
vn -0.363730 -0.060963 0.929507
vn 0.360549 -0.060801 0.930756
vn 0.360549 -0.060801 0.930757
vn 0.853639 -0.166929 0.493392
vn 0.853639 -0.166929 0.493392
vn 0.800441 -0.241848 -0.548455
vn 0.800441 -0.241848 -0.548455
vn -0.000174 -1.000000 0.000388
vn -0.003223 -0.999990 -0.003135
vn -0.000297 -0.999993 -0.003681
vn 0.002726 -0.999992 -0.002869
vn 0.004069 -0.999979 -0.005077
vn 0.003905 -0.999977 -0.005502
vn -0.000425 -0.999983 -0.005870
vn -0.004575 -0.999973 -0.005785
vn -0.004638 -0.999974 -0.005482
vn 0.000266 0.999999 0.001252
vn -0.000031 1.000000 0.000741
vn 0.000091 1.000000 0.000823
vn -0.000167 0.999999 0.001201
vn -0.000357 0.999999 0.001240
vn -0.000422 1.000000 0.000755
vn 0.000131 1.000000 0.000417
vn 0.000622 1.000000 0.000878
vn 0.000513 0.999999 0.001390
vn 0.500153 0.222476 -0.836870
vn 0.500153 0.222476 -0.836870
vn 0.546319 0.019426 -0.837352
vn 0.544709 0.028823 -0.838130
vn -0.500155 0.222478 -0.836868
vn -0.500155 0.222478 -0.836868
vn -0.544710 0.028824 -0.838129
vn -0.546320 0.019427 -0.837351
vn -0.776376 0.526003 -0.347219
vn -0.776376 0.526003 -0.347219
vn -0.891854 0.097705 -0.441645
vn -0.893181 0.063313 -0.445219
vn -0.839920 0.447769 0.306656
vn -0.839920 0.447769 0.306656
vn -0.927331 0.159916 0.338355
vn -0.928937 0.148998 0.338934
vn -0.410806 0.209694 0.887281
vn -0.410806 0.209694 0.887281
vn -0.469821 0.053511 0.881138
vn -0.468659 0.056976 0.881540
vn 0.410808 0.209694 0.887280
vn 0.410808 0.209694 0.887280
vn 0.468659 0.056975 0.881540
vn 0.469821 0.053510 0.881139
vn 0.839920 0.447766 0.306659
vn 0.839920 0.447766 0.306659
vn 0.928936 0.148996 0.338936
vn 0.927330 0.159914 0.338358
vn 0.776378 0.526002 -0.347216
vn 0.776378 0.526002 -0.347216
vn 0.893181 0.063310 -0.445218
vn 0.891855 0.097702 -0.441644
vn 0.559934 -0.076990 -0.824952
vn 0.559934 -0.076990 -0.824952
vn -0.559935 -0.076989 -0.824952
vn -0.559935 -0.076989 -0.824952
vn -0.862466 -0.223751 -0.453969
vn -0.862466 -0.223751 -0.453969
vn -0.913636 -0.233041 0.333107
vn -0.913636 -0.233041 0.333107
vn -0.516648 -0.107918 0.849370
vn -0.516648 -0.107918 0.849370
vn 0.516645 -0.107919 0.849371
vn 0.516645 -0.107919 0.849371
vn 0.913635 -0.233045 0.333109
vn 0.913635 -0.233045 0.333109
vn 0.862465 -0.223753 -0.453969
vn 0.862465 -0.223753 -0.453969
vn -0.000001 -1.000000 0.000004
vn -0.000001 -1.000000 0.000001
vn -0.000002 -1.000000 0.000000
vn -0.000002 -1.000000 0.000003
vn -0.000002 -1.000000 0.000002
vn -0.000002 -1.000000 -0.000000
vn -0.000002 -1.000000 -0.000000
vn -0.000002 -1.000000 -0.000002
vn -0.000002 -1.000000 -0.000003
vn 0.126215 0.939068 0.319720
vn 0.000001 0.987617 0.156882
vn 0.000002 0.942412 0.334453
vn -0.126212 0.939070 0.319717
vn -0.393367 0.858937 0.327857
vn -0.307129 0.916149 0.257572
vn 0.000002 0.942580 0.333979
vn 0.307133 0.916148 0.257570
vn 0.393370 0.858936 0.327855
vn 0.046121 0.003866 -0.998928
vn 0.046121 0.003866 -0.998928
vn 0.046121 0.003866 -0.998928
vn 0.046121 0.003866 -0.998928
vn 0.059664 0.869890 -0.489624
vn 0.059664 0.869890 -0.489624
vn 0.059664 0.869890 -0.489624
vn 0.059664 0.869890 -0.489624
vn 0.012570 0.882423 0.470289
vn 0.012570 0.882423 0.470289
vn 0.012570 0.882423 0.470289
vn 0.012570 0.882423 0.470289
vn -0.046957 -0.003913 0.998889
vn -0.046957 -0.003913 0.998889
vn -0.046957 -0.003913 0.998889
vn -0.046957 -0.003913 0.998889
vn -0.056709 -0.869977 0.489821
vn -0.056709 -0.869977 0.489821
vn -0.056709 -0.869977 0.489821
vn -0.056709 -0.869977 0.489821
vn -0.016017 -0.882300 -0.470414
vn -0.016017 -0.882300 -0.470414
vn -0.016017 -0.882300 -0.470414
vn -0.016017 -0.882300 -0.470414
vn 0.959659 0.271529 0.072979
vn 0.959382 0.272604 0.072612
vn 0.959778 0.271457 0.071678
vn 0.959257 0.272684 0.073956
vn 0.958977 0.273768 0.073580
vn 0.959102 0.273696 0.072212
vn 0.959517 0.272485 0.071271
vn -0.959081 -0.272018 -0.078543
vn -0.958764 -0.272932 -0.079240
vn -0.959020 -0.271871 -0.079794
vn -0.958691 -0.272850 -0.080401
vn -0.958465 -0.273806 -0.079847
vn -0.958513 -0.273950 -0.078772
vn -0.958813 -0.273099 -0.078071
vn 0.194076 -0.578835 -0.792013
vn 0.194076 -0.578834 -0.792013
vn 0.194076 -0.578835 -0.792013
vn 0.194076 -0.578834 -0.792014
vn 0.742471 -0.273870 -0.611336
vn 0.742471 -0.273870 -0.611336
vn 0.742471 -0.273870 -0.611336
vn 0.742471 -0.273870 -0.611336
vn 0.989634 -0.141132 -0.026576
vn 0.989634 -0.141132 -0.026576
vn 0.989634 -0.141132 -0.026576
vn 0.989634 -0.141132 -0.026576
vn 0.754963 -0.295766 0.585280
vn 0.754963 -0.295766 0.585280
vn 0.754963 -0.295766 0.585280
vn 0.754963 -0.295766 0.585280
vn 0.209598 -0.569931 0.794510
vn 0.209598 -0.569932 0.794510
vn 0.209598 -0.569932 0.794510
vn 0.209598 -0.569931 0.794510
vn -0.359531 -0.840901 0.404503
vn -0.359531 -0.840901 0.404503
vn -0.359531 -0.840901 0.404503
vn -0.359531 -0.840901 0.404503
vn -0.364675 -0.844653 -0.391885
vn -0.364675 -0.844653 -0.391885
vn -0.364675 -0.844653 -0.391885
vn -0.364675 -0.844653 -0.391885
vn -0.430263 0.545657 -0.719119
vn -0.430263 0.545657 -0.719119
vn -0.430263 0.545657 -0.719119
vn -0.430263 0.545657 -0.719119
vn -0.276349 0.731671 -0.623129
vn -0.276349 0.731671 -0.623129
vn -0.276349 0.731671 -0.623129
vn -0.276349 0.731671 -0.623129
vn -0.203312 0.978319 0.039440
vn -0.203312 0.978319 0.039440
vn -0.203312 0.978319 0.039440
vn -0.203312 0.978319 0.039440
vn -0.225648 0.753612 0.617375
vn -0.225648 0.753612 0.617375
vn -0.225648 0.753612 0.617375
vn -0.225648 0.753612 0.617375
vn -0.414674 0.552153 0.723306
vn -0.414674 0.552153 0.723306
vn -0.414674 0.552153 0.723306
vn -0.414674 0.552153 0.723306
vn -0.707597 0.559458 0.431641
vn -0.707597 0.559458 0.431641
vn -0.707597 0.559458 0.431641
vn -0.707597 0.559458 0.431641
vn -0.709546 0.555985 -0.432927
vn -0.709546 0.555985 -0.432927
vn -0.709546 0.555985 -0.432927
vn -0.709546 0.555985 -0.432927
vn 0.534144 -0.810094 -0.241738
vn 0.534144 -0.810094 -0.241738
vn 0.534144 -0.810094 -0.241738
vn 0.757912 -0.635772 -0.146165
vn 0.757912 -0.635772 -0.146165
vn 0.757912 -0.635772 -0.146165
vn 0.795031 -0.606561 -0.003106
vn 0.795031 -0.606561 -0.003106
vn 0.795031 -0.606561 -0.003106
vn 0.759741 -0.633610 0.146054
vn 0.759741 -0.633610 0.146054
vn 0.759741 -0.633610 0.146054
vn 0.538056 -0.805548 0.248170
vn 0.538056 -0.805548 0.248170
vn 0.538056 -0.805548 0.248170
vn 0.345628 -0.937634 -0.037215
vn 0.345628 -0.937634 -0.037215
vn 0.345628 -0.937634 -0.037215
vn 0.346212 -0.936914 0.048264
vn 0.346212 -0.936914 0.048264
vn 0.346212 -0.936914 0.048264
vn -0.494580 0.853309 -0.165091
vn -0.494580 0.853309 -0.165091
vn -0.494580 0.853309 -0.165091
vn -0.576209 0.794640 -0.191130
vn -0.576209 0.794640 -0.191130
vn -0.576209 0.794640 -0.191130
vn -0.513169 0.857410 0.038814
vn -0.513169 0.857410 0.038814
vn -0.513169 0.857410 0.038814
vn -0.546194 0.817927 0.180744
vn -0.546194 0.817927 0.180744
vn -0.546194 0.817927 0.180744
vn -0.489673 0.856892 0.161110
vn -0.489673 0.856892 0.161110
vn -0.489673 0.856892 0.161110
vn -0.461781 0.866132 0.191240
vn -0.461781 0.866132 0.191240
vn -0.461781 0.866132 0.191240
vn -0.463781 0.863226 -0.199370
vn -0.463781 0.863226 -0.199370
vn -0.463781 0.863226 -0.199370
vn 0.727426 -0.671824 0.139657
vn 0.395195 -0.874760 -0.280386
vn -0.551024 -0.307510 0.775764
vn 0.129547 -0.558562 0.819284
vn -0.000001 -0.746999 -0.664825
vn -0.395199 -0.874759 -0.280384
vn 0.551027 -0.307515 0.775760
vn -0.000001 -0.397416 0.917639
vn 0.346164 0.276108 0.896624
vn 0.000000 0.256773 0.966472
vn -0.346163 0.276109 0.896624
vn -0.912304 0.221888 0.344190
vn -0.779033 0.494782 0.385095
vn -0.407775 0.777802 0.478272
vn -0.482408 0.865106 0.137381
vn -0.832624 0.552235 0.042116
vn 0.000001 0.858935 0.512086
vn 0.407778 0.777800 0.478273
vn 0.482412 0.865104 0.137380
vn 0.000002 0.949318 -0.314317
vn 0.625084 0.465662 -0.626442
vn 0.000001 0.553479 -0.832863
vn -0.625081 0.465664 -0.626443
vn -0.771169 0.475990 -0.422766
vn -0.901213 0.040033 -0.431523
vn -0.513213 0.055385 -0.856472
vn -0.351608 -0.934455 -0.056265
vn -0.158271 -0.982360 -0.099594
vn 0.000000 0.139402 -0.990236
vn 0.513213 0.055383 -0.856472
vn 0.351605 -0.934456 -0.056266
vn -0.000004 -0.966768 0.255654
vn -0.616011 -0.526855 0.585623
vn -0.000002 -0.587633 0.809128
vn 0.616009 -0.526857 0.585623
vn 0.867282 -0.395031 0.302940
vn 0.293073 -0.955970 0.015174
vn 0.972426 -0.206630 0.108125
vn -0.293077 -0.955969 0.015175
vn -0.000002 -0.999671 -0.025651
vn -0.727429 -0.671821 0.139656
vn -0.972427 -0.206627 0.108125
vn -0.141130 -0.852683 0.503005
vn -0.129549 -0.558565 0.819282
vn -0.867283 -0.395028 0.302940
vn 0.158268 -0.982361 -0.099593
vn 0.901214 0.040030 -0.431522
vn 0.998657 0.051488 -0.005687
vn 0.912305 0.221885 0.344191
vn 0.141124 -0.852683 0.503007
vn -0.998657 0.051492 -0.005688
vn 0.779035 0.494779 0.385095
vn 0.832627 0.552231 0.042117
vn 0.771172 0.475987 -0.422764
vn -0.009131 -0.975950 -0.217802
vn -0.009131 -0.975950 -0.217802
vn -0.034232 -0.769442 -0.637799
vn -0.033990 -0.772722 -0.633833
vn -0.958777 0.055676 -0.278651
vn -0.958777 0.055676 -0.278651
vn -0.936231 -0.023263 -0.350614
vn -0.928948 -0.042711 -0.367738
vn -0.979985 0.033349 0.196260
vn -0.979985 0.033349 0.196260
vn -0.978377 0.027104 0.205044
vn -0.978369 0.027073 0.205088
vn 0.059480 0.090676 0.994103
vn 0.059480 0.090676 0.994103
vn 0.065582 0.052617 0.996459
vn 0.065412 0.053689 0.996413
vn 0.995602 0.032779 0.087765
vn 0.995602 0.032779 0.087765
vn 0.995614 0.026009 0.089873
vn 0.995614 0.026339 0.089771
vn 0.922501 0.064579 -0.380553
vn 0.922501 0.064579 -0.380553
vn 0.875565 -0.029938 -0.482172
vn 0.887204 -0.009744 -0.461275
vn -0.061281 0.104274 -0.992659
vn -0.061259 0.101562 -0.992941
vn -0.900644 -0.000291 -0.434557
vn -0.903163 -0.018067 -0.428918
vn -0.973517 0.011905 0.228303
vn -0.973526 0.011898 0.228265
vn 0.074558 0.039591 0.996431
vn 0.074531 0.039316 0.996443
vn 0.996053 0.010790 0.088099
vn 0.996057 0.010798 0.088055
vn 0.836011 -0.002811 -0.548705
vn 0.832909 0.010868 -0.553303
vn -0.059012 0.512404 -0.856714
vn -0.059012 0.512404 -0.856714
vn -0.872424 0.129952 -0.471158
vn -0.872424 0.129952 -0.471158
vn -0.973274 0.012098 0.229329
vn -0.973274 0.012098 0.229329
vn 0.076044 0.054751 0.995600
vn 0.076044 0.054751 0.995600
vn 0.996439 0.011636 0.083510
vn 0.996439 0.011636 0.083510
vn 0.794377 0.140617 -0.590926
vn 0.794377 0.140617 -0.590926
vn -0.045032 -0.472007 -0.880444
vn -0.044159 -0.472649 -0.880144
vn 0.002844 -0.998668 0.051518
vn 0.003177 -0.998171 0.060376
vn 0.046847 -0.462346 0.885461
vn 0.045920 -0.461565 0.885917
vn 0.002402 -0.997605 0.069122
vn -0.007300 0.996163 -0.087215
vn -0.007061 0.996097 -0.087979
vn -0.021552 0.958398 -0.284620
vn -0.022385 0.954554 -0.297197
vn -0.028179 0.929189 -0.368529
vn -0.028051 0.929133 -0.368679
vn -0.022143 0.954486 -0.297433
vn -0.103945 -0.007594 -0.994554
vn -0.103945 -0.007594 -0.994554
vn -0.099503 0.020253 -0.994831
vn -0.100012 0.017089 -0.994839
vn -0.902641 -0.050063 -0.427473
vn -0.902641 -0.050063 -0.427473
vn -0.911638 0.025899 -0.410178
vn -0.911999 0.030441 -0.409063
vn -0.924090 -0.059877 0.377454
vn -0.924091 -0.059877 0.377454
vn -0.925168 0.007394 0.379486
vn -0.925220 0.003481 0.379415
vn 0.040380 -0.116675 0.992349
vn 0.040380 -0.116675 0.992349
vn 0.036200 -0.071071 0.996814
vn 0.034659 -0.054421 0.997916
vn 0.983515 -0.145342 0.107583
vn 0.983515 -0.145342 0.107583
vn 0.991459 0.038573 0.124581
vn 0.991506 0.037620 0.124503
vn 0.860248 -0.102583 -0.499449
vn 0.860248 -0.102583 -0.499449
vn 0.877307 0.040547 -0.478214
vn 0.875993 0.019897 -0.481914
vn -0.077844 0.149307 -0.985722
vn -0.077844 0.149307 -0.985722
vn -0.889622 0.331754 -0.313867
vn -0.889622 0.331754 -0.313867
vn -0.879444 0.302273 0.367708
vn -0.879444 0.302273 0.367708
vn 0.000518 0.293554 0.955942
vn 0.000518 0.293554 0.955942
vn 0.749299 0.645514 0.147862
vn 0.749299 0.645514 0.147862
vn 0.782138 0.535070 -0.319313
vn 0.782138 0.535070 -0.319313
vn 0.015429 -0.999688 -0.019625
vn 0.014786 -0.999701 -0.019472
vn 0.015291 -0.999669 -0.020702
vn 0.015924 -0.999656 -0.020831
vn 0.015781 -0.999641 -0.021667
vn 0.015278 -0.999655 -0.021390
vn 0.014395 -0.999693 -0.020172
vn -0.002241 0.999976 0.006524
vn -0.003899 0.999968 0.006927
vn -0.004603 0.999963 0.007289
vn -0.007738 0.999940 0.007792
vn -0.006034 0.999951 0.007873
vn -0.004357 0.999961 0.007734
vn -0.001712 0.999975 0.006797
vn 0.066204 0.997741 -0.011390
vn 0.020134 0.999782 0.005584
vn 0.019925 0.999785 0.005661
vn 0.066204 0.997741 -0.011390
vn 0.286929 -0.033446 0.957368
vn 0.162771 -0.016764 0.986521
vn 0.135648 -0.013131 0.990670
vn 0.286929 -0.033446 0.957368
vn 0.382572 -0.923923 0.002152
vn 0.095887 -0.995392 -0.000207
vn 0.100733 -0.994914 -0.000168
vn 0.382572 -0.923923 0.002152
vn 0.258708 -0.076676 -0.962907
vn 0.056421 -0.039463 -0.997627
vn 0.088046 -0.045364 -0.995083
vn 0.258708 -0.076676 -0.962908
vn 0.009269 0.999926 0.007899
vn 0.009062 0.999929 0.007771
vn 0.115630 -0.015012 0.993179
vn 0.118691 -0.019571 0.992738
vn -0.047316 -0.998879 0.001440
vn -0.039832 -0.999206 0.001193
vn 0.012204 -0.028691 -0.999514
vn 0.017722 -0.030886 -0.999366
vn -0.072964 0.997325 0.004291
vn -0.078177 0.996930 0.004419
vn -0.069726 0.103073 0.992227
vn -0.211631 0.203691 0.955888
vn -0.403778 -0.914772 0.012461
vn -0.404160 -0.914603 0.012472
vn -0.303323 0.203154 -0.930980
vn -0.189266 0.114166 -0.975266
vn 0.992222 -0.124333 -0.006098
vn 0.990134 -0.138465 -0.021521
vn 0.991268 -0.126743 -0.036398
vn 0.988336 -0.152022 -0.008995
vn 0.987473 -0.153934 -0.034650
vn -0.758083 0.646180 0.088102
vn -0.738697 0.670776 0.066223
vn -0.767719 0.640304 0.024875
vn -0.726258 0.686558 0.034467
vn -0.704533 0.701405 0.108004
vn -0.206337 0.978452 0.007553
vn -0.206337 0.978452 0.007553
vn -0.569731 0.448287 0.688800
vn -0.569731 0.448287 0.688800
vn -0.858450 -0.512264 0.025496
vn -0.858449 -0.512264 0.025496
vn -0.558069 0.405360 -0.724046
vn -0.558069 0.405360 -0.724046
vn -0.025563 0.394575 -0.918508
vn -0.025563 0.394371 -0.918596
vn -0.024757 0.682066 -0.730871
vn -0.024757 0.682066 -0.730871
vn 0.014923 0.802873 0.595963
vn 0.014923 0.802873 0.595963
vn 0.018270 0.556027 0.830963
vn 0.018139 0.571548 0.820368
vn 0.007314 0.072649 0.997331
vn 0.007314 0.072649 0.997331
vn 0.006393 0.046690 0.998889
vn 0.006406 0.047073 0.998871
vn -0.000409 -0.999898 0.014268
vn -0.000413 -0.999898 0.014291
vn -0.000006 -0.999924 0.012318
vn -0.000006 -0.999924 0.012318
vn -0.982816 0.099585 0.155424
vn -0.992759 0.040307 0.113164
vn -0.968293 0.121201 0.218446
vn -0.971625 0.128561 0.198539
vn 0.995152 0.028063 0.094260
vn 0.989542 0.086720 0.115267
vn 0.981012 0.115518 0.155794
vn 0.976558 0.104578 0.188143
vn 0.004833 0.002945 0.999984
vn 0.004833 0.002945 0.999984
vn -0.999919 0.003461 0.012258
vn -0.997989 0.003555 0.063284
vn -0.025180 0.291055 -0.956375
vn -0.025180 0.291055 -0.956375
vn 0.998857 -0.005159 0.047510
vn 0.999915 -0.004063 -0.012382
vn 0.019157 0.045776 0.998768
vn 0.019157 0.045776 0.998768
vn -0.967377 0.046719 0.248996
vn -0.946920 0.086239 0.309687
vn 0.945461 0.057625 0.320597
vn 0.966236 0.026579 0.256284
vn -0.983317 0.003738 0.181862
vn -0.001002 -0.999853 0.017142
vn -0.001002 -0.999853 0.017142
vn 0.982860 -0.007603 0.184196
vn 0.002161 0.422085 -0.906554
vn 0.002196 0.488035 -0.872821
vn 0.002196 0.488035 -0.872822
vn 0.002161 0.422062 -0.906565
vn -0.000471 0.794228 0.607619
vn -0.000030 0.826473 0.562977
vn -0.000029 0.826532 0.562890
vn -0.000471 0.794228 0.607620
vn -0.000978 0.079193 0.996859
vn -0.000989 0.049731 0.998762
vn -0.000989 0.049695 0.998764
vn -0.000978 0.079193 0.996859
vn -0.000418 -0.999977 0.006778
vn -0.000417 -1.000000 0.000329
vn -0.000417 -1.000000 0.000329
vn -0.000418 -0.999977 0.006787
vn 0.995689 0.091094 0.017475
vn 0.980073 0.195287 0.036339
vn 0.973990 0.201494 0.103654
vn 0.984826 0.132910 0.111587
vn -0.984983 0.132704 0.110446
vn -0.974141 0.201369 0.102468
vn -0.980178 0.195105 0.034423
vn -0.995755 0.090742 0.015393
vn -0.001005 0.001233 0.999999
vn -0.001005 0.001233 0.999999
vn 0.996768 -0.000138 0.080338
vn 1.000000 -0.000085 0.000959
vn 0.002047 0.274292 -0.961644
vn 0.002047 0.274292 -0.961644
vn -0.999999 -0.000476 -0.001230
vn -0.996871 -0.000503 0.079049
vn 0.000179 0.840865 0.541244
vn 0.000179 0.840865 0.541244
vn 0.951503 0.210375 0.224467
vn 0.969343 0.128893 0.209192
vn -0.969416 0.128677 0.208986
vn -0.951562 0.210286 0.224298
vn 0.983238 -0.000205 0.182325
vn -0.000420 -0.999868 0.016241
vn -0.000420 -0.999868 0.016241
vn -0.983285 -0.000533 0.182074
vn 0.166947 -0.156739 -0.973428
vn 0.168560 -0.054407 -0.984189
vn 0.168599 -0.048456 -0.984493
vn 0.166947 -0.156739 -0.973428
vn 0.892905 -0.147941 -0.425246
vn 0.915825 -0.019201 -0.401117
vn 0.916599 -0.012272 -0.399620
vn 0.892905 -0.147941 -0.425246
vn 0.935806 -0.113226 0.333836
vn 0.938456 0.020858 0.344768
vn 0.938137 0.027675 0.345157
vn 0.935806 -0.113226 0.333836
vn -0.145793 -0.078111 0.986227
vn -0.147279 -0.028191 0.988693
vn -0.147295 -0.027599 0.988708
vn -0.145793 -0.078111 0.986227
vn -0.992981 -0.094036 0.071741
vn -0.995365 0.059164 0.075815
vn -0.995622 0.054802 0.075723
vn -0.992981 -0.094036 0.071741
vn -0.792991 -0.125852 -0.596093
vn -0.809293 0.016287 -0.587179
vn -0.809160 0.013951 -0.587423
vn -0.792991 -0.125852 -0.596093
vn 0.153383 0.404668 -0.901509
vn 0.153383 0.404668 -0.901509
vn 0.844361 0.479889 -0.238246
vn 0.844361 0.479889 -0.238246
vn 0.772343 0.546895 0.323099
vn 0.772343 0.546895 0.323099
vn -0.146567 0.340402 0.928787
vn -0.146567 0.340402 0.928787
vn -0.801729 0.592972 0.074932
vn -0.801729 0.592972 0.074932
vn -0.715777 0.540316 -0.442405
vn -0.715777 0.540316 -0.442405
vn -0.018812 -0.997742 0.064469
vn -0.016234 -0.998016 0.060827
vn -0.033039 -0.997981 0.054250
vn 0.000545 -0.997980 0.063524
vn -0.009631 -0.998047 0.061727
vn -0.021687 -0.997878 0.061386
vn -0.027987 -0.998150 0.053981
vn 0.010996 0.999937 0.002419
vn 0.019054 0.999634 0.019215
vn 0.017999 0.999823 0.005548
vn 0.033018 0.999199 0.022611
vn 0.021533 0.999181 0.034248
vn 0.012950 0.999380 0.032736
vn 0.007908 0.999858 0.014884
vn 0.010260 -0.975472 -0.219886
vn 0.036373 -0.769997 -0.637009
vn 0.036613 -0.766855 -0.640775
vn 0.010260 -0.975472 -0.219886
vn 0.958918 0.057063 -0.277886
vn 0.929015 -0.039654 -0.367911
vn 0.936167 -0.020902 -0.350933
vn 0.958918 0.057063 -0.277886
vn 0.979963 0.032816 0.196457
vn 0.978386 0.026250 0.205116
vn 0.978376 0.026213 0.205165
vn 0.979963 0.032816 0.196457
vn -0.058725 0.081990 0.994902
vn -0.064726 0.045620 0.996860
vn -0.064898 0.044573 0.996896
vn -0.058725 0.081990 0.994902
vn -0.995631 0.032481 0.087546
vn -0.995650 0.025780 0.089535
vn -0.995650 0.025513 0.089614
vn -0.995631 0.032481 0.087546
vn -0.922357 0.065569 -0.380734
vn -0.886953 -0.008076 -0.461789
vn -0.875526 -0.027701 -0.482376
vn -0.922357 0.065569 -0.380734
vn 0.063584 0.105915 -0.992340
vn 0.063604 0.109565 -0.991943
vn 0.902918 -0.015217 -0.429544
vn 0.900290 0.003014 -0.435281
vn 0.973600 0.010861 0.228003
vn 0.973589 0.010886 0.228050
vn -0.074222 0.035348 0.996615
vn -0.074252 0.035659 0.996602
vn -0.996079 0.010189 0.087882
vn -0.996072 0.010169 0.087960
vn -0.832651 0.013760 -0.553627
vn -0.835905 -0.000587 -0.548873
vn 0.059920 0.515830 -0.854593
vn 0.059920 0.515830 -0.854593
vn 0.872039 0.132138 -0.471261
vn 0.872039 0.132138 -0.471261
vn 0.973335 0.011456 0.229101
vn 0.973335 0.011456 0.229101
vn -0.075904 0.052726 0.995720
vn -0.075904 0.052726 0.995720
vn -0.996447 0.011312 0.083461
vn -0.996447 0.011312 0.083461
vn -0.794241 0.143103 -0.590511
vn -0.794241 0.143103 -0.590511
vn 0.045770 -0.471291 -0.880790
vn -0.002440 -0.998681 0.051286
vn 0.044693 -0.472040 -0.880443
vn -0.003241 -0.998167 0.060427
vn -0.046488 -0.463011 0.885133
vn -0.045377 -0.462277 0.885574
vn -0.002474 -0.997542 0.070026
vn 0.006914 0.996249 -0.086262
vn 0.021501 0.958663 -0.283731
vn 0.006618 0.996208 -0.086757
vn 0.022194 0.954866 -0.296207
vn 0.028210 0.929501 -0.367740
vn 0.028172 0.929434 -0.367913
vn 0.022225 0.954776 -0.296495
vn -0.555429 -0.691179 0.462354
vn -0.555938 -0.667523 0.495324
vn -0.526243 -0.437692 0.729037
vn -0.526243 -0.437692 0.729037
vn -0.911817 0.087009 0.401272
vn -0.911817 0.087009 0.401272
vn -0.911817 0.087009 0.401272
vn -0.911817 0.087009 0.401272
vn 0.859618 0.159346 -0.485455
vn 0.805862 0.109596 -0.581872
vn 0.839827 0.139911 -0.524515
vn 0.946252 0.072570 -0.315183
vn 0.949064 0.074022 -0.306266
vn 0.859390 0.037838 -0.509919
vn 0.859390 0.037838 -0.509919
vn -0.972293 -0.182766 0.145751
vn -0.972293 -0.182766 0.145751
vn -0.972293 -0.182766 0.145751
vn -0.972293 -0.182766 0.145751
vn -0.543226 -0.778097 0.315390
vn -0.543226 -0.778097 0.315390
vn -0.975366 0.082614 0.204538
vn -0.975366 0.082614 0.204538
vn -0.975366 0.082614 0.204538
vn -0.800190 0.035401 0.598701
vn -0.782791 0.041268 0.620916
vn -0.674073 0.073274 0.735021
vn 0.888698 -0.101869 -0.447034
vn 0.930361 -0.047548 -0.363548
vn 0.922441 -0.059102 -0.381589
vn 0.888698 -0.101869 -0.447034
vn -0.992675 -0.082315 -0.088430
vn -0.999616 -0.025732 0.010283
vn -0.951867 -0.174958 -0.251671
vn -0.999381 -0.012777 0.032784
vn -0.999381 -0.012777 0.032784
vn -0.841116 0.020474 0.540466
vn -0.841117 0.020474 0.540466
vn 0.956258 0.077926 -0.281954
vn 0.956258 0.077926 -0.281954
vn 0.946249 0.252166 -0.202547
vn 0.944860 0.229763 -0.233345
vn 0.944299 0.224121 -0.240975
vn 0.944299 0.224121 -0.240975
vn 0.944299 0.224121 -0.240975
vn 0.953724 -0.007946 -0.300578
vn 0.953724 -0.007946 -0.300578
vn 0.896368 0.201023 -0.395112
vn 0.941296 0.322176 -0.100824
vn 0.941296 0.322176 -0.100824
vn 0.722263 0.471726 -0.505778
vn 0.877547 0.210784 0.430676
vn 0.739774 -0.136821 -0.658797
vn 0.520586 0.768934 0.371121
vn -0.530106 -0.639349 0.556975
vn -0.122197 0.049907 -0.991250
vn -0.122197 0.049907 -0.991250
vn -0.136743 0.094891 -0.986051
vn -0.137065 0.095897 -0.985909
vn -0.403068 0.048306 -0.913894
vn -0.403068 0.048306 -0.913894
vn -0.405685 0.083913 -0.910153
vn -0.406371 0.094613 -0.908797
vn -0.658056 -0.113478 0.744368
vn -0.658056 -0.113478 0.744369
vn -0.581837 -0.063876 0.810793
vn -0.598276 -0.074245 0.797843
vn 0.148579 -0.080611 0.985610
vn 0.148579 -0.080611 0.985610
vn 0.147698 -0.072601 0.986364
vn 0.147705 -0.072664 0.986359
vn 0.812235 -0.105263 0.573754
vn 0.812235 -0.105263 0.573754
vn 0.780708 -0.052130 0.622717
vn 0.776612 -0.045752 0.628316
vn 0.102348 0.037162 -0.994054
vn 0.102348 0.037162 -0.994054
vn 0.112831 0.087421 -0.989761
vn 0.110566 0.076459 -0.990923
vn -0.184534 0.248415 -0.950914
vn -0.184534 0.248415 -0.950914
vn -0.410840 0.264210 -0.872585
vn -0.410840 0.264210 -0.872585
vn -0.304273 0.091790 0.948152
vn -0.304273 0.091790 0.948152
vn 0.143120 -0.032237 0.989180
vn 0.143120 -0.032237 0.989180
vn 0.629456 0.138702 0.764557
vn 0.629456 0.138702 0.764557
vn 0.149512 0.274097 -0.950009
vn 0.149512 0.274097 -0.950009
vn 0.017165 -0.997455 -0.069205
vn -0.017242 -0.995628 -0.091805
vn -0.005613 -0.994840 -0.101305
vn 0.017130 -0.998685 -0.048312
vn 0.014287 -0.998774 -0.047403
vn -0.020480 -0.995733 -0.089985
vn -0.021355 -0.995823 -0.088767
vn 0.091775 0.853575 0.512823
vn 0.070856 0.736999 0.672169
vn 0.086556 0.805004 0.586921
vn 0.067604 0.730456 0.679606
vn 0.066793 0.742161 0.666885
vn 0.095333 0.844012 0.527784
vn 0.094072 0.849659 0.518875
vn -0.116557 0.993071 -0.014959
vn -0.116557 0.993071 -0.014959
vn -0.024467 0.999699 0.001678
vn -0.024727 0.999693 0.001632
vn -0.288949 -0.029166 0.956900
vn -0.288949 -0.029166 0.956900
vn -0.133051 -0.009033 0.991068
vn -0.157366 -0.012159 0.987465
vn -0.362074 -0.932149 0.000747
vn -0.362074 -0.932149 0.000747
vn -0.117115 -0.993117 -0.001315
vn -0.113259 -0.993565 -0.001346
vn -0.260394 -0.072066 -0.962809
vn -0.260394 -0.072066 -0.962809
vn -0.084284 -0.042487 -0.995536
vn -0.056738 -0.037776 -0.997674
vn 0.007189 0.999964 0.004448
vn 0.005799 0.999973 0.004486
vn -0.114082 -0.013952 0.993373
vn -0.111701 -0.010070 0.993691
vn -0.004677 -0.999989 0.000139
vn 0.001584 -0.999999 0.000402
vn -0.018179 -0.030094 -0.999382
vn -0.012779 -0.028246 -0.999519
vn 0.157088 0.987569 0.005599
vn 0.153007 0.988210 0.005483
vn 0.222490 0.191664 0.955910
vn 0.058839 0.086835 0.994484
vn 0.308737 -0.951081 0.011225
vn 0.308047 -0.951305 0.011204
vn 0.168775 0.085979 -0.981897
vn 0.301811 0.177964 -0.936611
vn -0.992612 -0.120184 -0.016636
vn -0.992058 -0.120782 -0.035106
vn -0.991332 -0.128848 -0.025668
vn -0.990345 -0.137572 -0.017076
vn -0.989851 -0.138008 -0.033892
vn 0.791344 0.604375 0.092229
vn 0.798694 0.601057 0.028615
vn 0.771333 0.632731 0.068530
vn 0.758576 0.650739 0.033185
vn 0.739170 0.664394 0.110491
vn 0.308779 0.951082 0.009909
vn 0.308779 0.951082 0.009909
vn 0.576509 0.410353 0.706575
vn 0.576509 0.410353 0.706575
vn 0.790101 -0.612442 0.025585
vn 0.790101 -0.612442 0.025585
vn 0.563890 0.362284 -0.742144
vn 0.563890 0.362284 -0.742144
vn 0.021873 -0.022368 -0.999511
vn -0.002122 -0.198555 -0.980088
vn -0.001267 -0.192373 -0.981321
vn 0.021873 -0.022368 -0.999511
vn -0.178886 -0.408577 -0.895022
vn -0.164938 -0.398714 -0.902121
vn -0.204818 -0.426657 -0.880916
vn -0.204818 -0.426657 -0.880916
vn -0.993869 0.098785 0.049664
vn -0.993869 0.098785 0.049664
vn -0.993869 0.098785 0.049664
vn -0.993869 0.098785 0.049664
vn 0.993843 -0.098699 -0.050350
vn 0.993843 -0.098699 -0.050350
vn 0.993843 -0.098699 -0.050350
vn 0.993843 -0.098699 -0.050350
vn 0.125704 0.007478 0.992040
vn 0.107828 0.009292 0.994126
vn 0.106941 0.009382 0.994221
vn 0.125162 0.007410 0.992109
vn 0.125593 0.007464 0.992054
vn 0.068890 0.013221 0.997537
vn 0.068890 0.013221 0.997537
vn 0.993840 -0.098709 -0.050393
vn 0.993840 -0.098709 -0.050393
vn 0.993840 -0.098709 -0.050393
vn 0.993840 -0.098709 -0.050393
vn 0.266392 0.963461 -0.027915
vn 0.177321 0.983871 -0.023560
vn 0.181117 0.983175 -0.023748
vn 0.266392 0.963461 -0.027915
vn 0.054406 0.998307 -0.020590
vn 0.049244 0.998572 -0.020708
vn 0.035714 0.999141 -0.021015
vn 0.035714 0.999141 -0.021015
vn 0.035714 0.999141 -0.021015
vn -0.267761 -0.963079 0.027967
vn 0.107256 -0.993580 0.035983
vn 0.081882 -0.996006 0.035594
vn -0.267761 -0.963080 0.027967
vn -0.014052 -0.999666 0.021689
vn 0.102148 -0.994419 0.026396
vn -0.194763 -0.980754 0.013766
vn -0.194763 -0.980754 0.013766
vn -0.194763 -0.980754 0.013766
vn 0.120986 0.007788 0.992624
vn 0.120986 0.007788 0.992624
vn 0.120986 0.007788 0.992624
vn 0.120986 0.007788 0.992624
vn 0.122070 0.007024 0.992497
vn -0.160820 0.524417 0.836137
vn -0.160820 0.524417 0.836137
vn -0.160820 0.524417 0.836137
vn -0.160820 0.524417 0.836137
vn 0.681675 0.282353 0.674978
vn 0.681675 0.282353 0.674978
vn 0.681675 0.282353 0.674978
vn 0.681675 0.282353 0.674978
vn 0.894665 0.098537 0.435736
vn 0.894665 0.098537 0.435736
vn 0.894665 0.098537 0.435736
vn 0.894665 0.098537 0.435736
vn -0.177142 -0.951330 0.252176
vn -0.177142 -0.951330 0.252176
vn -0.177142 -0.951330 0.252176
vn -0.177142 -0.951330 0.252176
vn 0.173555 0.674706 0.717392
vn 0.173555 0.674706 0.717392
vn 0.173555 0.674706 0.717392
vn 0.173555 0.674706 0.717392
vn 0.024163 0.311606 -0.949904
vn 0.024163 0.311606 -0.949904
vn 0.024163 0.311606 -0.949904
vn 0.024163 0.311606 -0.949904
vn 0.000750 0.022473 -0.999747
vn 0.000750 0.022473 -0.999747
vn 0.000750 0.022473 -0.999747
vn 0.000750 0.022473 -0.999747
vn 0.053955 -0.979403 0.194574
vn 0.053955 -0.979403 0.194574
vn 0.053955 -0.979403 0.194574
vn 0.053955 -0.979403 0.194574
vn 0.002400 0.210760 0.977535
vn 0.587102 0.237098 0.774013
vn 0.555235 0.467410 0.687926
vn 0.555235 0.467411 0.687926
vn 0.158881 0.554383 0.816956
vn -0.293661 0.130958 0.946897
vn -0.293661 0.130958 0.946897
vn -0.293661 0.130958 0.946897
vn -0.293661 0.130958 0.946897
vn 0.312388 -0.169856 -0.934646
vn 0.316457 -0.209899 -0.925093
vn -0.001129 -0.222516 -0.974928
vn -0.000091 -0.171836 -0.985126
vn 0.528395 -0.419967 0.737853
vn 0.528395 -0.419967 0.737853
vn 0.528395 -0.419967 0.737853
vn 0.528395 -0.419967 0.737853
vn 0.591222 0.474716 0.651998
vn 0.591222 0.474716 0.651998
vn 0.591222 0.474716 0.651998
vn 0.591222 0.474716 0.651998
vn -0.519728 -0.422613 0.742483
vn -0.519728 -0.422613 0.742483
vn -0.519728 -0.422613 0.742483
vn -0.519728 -0.422613 0.742483
vn -0.594477 0.221898 0.772890
vn -0.565983 0.462257 0.682629
vn -0.312751 -0.172793 -0.933986
vn -0.316252 -0.212268 -0.924623
vn -0.000579 -0.093672 -0.995603
vn 0.007781 -0.386852 0.922109
vn -0.597976 0.474312 0.646106
vn -0.597976 0.474312 0.646106
vn -0.597976 0.474312 0.646106
vn -0.597976 0.474312 0.646106
vn -0.597976 0.474312 0.646106
vn 0.283794 0.128997 0.950169
vn 0.283794 0.128997 0.950169
vn 0.283794 0.128997 0.950169
vn 0.283794 0.128997 0.950169
vn -0.324476 0.091309 0.941477
vn -0.324476 0.091309 0.941477
vn -0.324476 0.091309 0.941477
vn -0.324476 0.091309 0.941477
vn 0.231519 0.435957 0.869678
vn 0.231519 0.435957 0.869678
vn 0.231519 0.435957 0.869678
vn 0.231519 0.435957 0.869678
vn 0.105106 -0.032171 -0.993941
vn 0.105106 -0.032171 -0.993941
vn 0.105106 -0.032171 -0.993941
vn 0.105106 -0.032171 -0.993941
vn -0.991079 0.132831 -0.010893
vn -0.991079 0.132831 -0.010893
vn -0.991079 0.132831 -0.010893
vn -0.991079 0.132831 -0.010893
vn 0.991079 0.132828 -0.010930
vn 0.991079 0.132828 -0.010930
vn 0.991079 0.132828 -0.010930
vn 0.991079 0.132828 -0.010930
vn -0.106408 -0.031643 -0.993819
vn -0.106408 -0.031643 -0.993819
vn -0.106408 -0.031643 -0.993819
vn -0.106408 -0.031643 -0.993819
vn -0.242278 0.442976 0.863177
vn -0.242278 0.442976 0.863177
vn -0.242278 0.442976 0.863177
vn -0.242278 0.442976 0.863177
vn 0.320887 0.092411 0.942598
vn 0.320887 0.092411 0.942598
vn 0.320887 0.092411 0.942598
vn 0.320887 0.092411 0.942598
vn -0.901968 -0.075494 -0.425152
vn -0.901968 -0.075494 -0.425152
vn -0.993247 -0.061161 0.098590
vn -0.993620 -0.061338 0.094646
vn -0.758236 -0.024349 0.651526
vn -0.758236 -0.024349 0.651526
vn 0.013058 0.999910 0.003228
vn 0.013058 0.999910 0.003228
vn -0.025657 0.999577 0.013720
vn -0.018087 0.999768 0.011669
vn -0.052935 0.998375 0.021105
vn -0.052935 0.998375 0.021105
vn 0.906714 0.085199 0.413051
vn 0.906714 0.085199 0.413051
vn 0.990809 0.070789 -0.115270
vn 0.989698 0.070333 -0.124706
vn 0.749603 0.030955 -0.661163
vn 0.749603 0.030955 -0.661163
vn -0.004848 -0.999887 0.014198
vn -0.004848 -0.999888 0.014198
vn -0.000569 -0.999981 0.006228
vn -0.002761 -0.999943 0.010311
vn 0.005736 -0.999968 -0.005517
vn 0.005736 -0.999968 -0.005517
vn -0.185709 -0.008649 -0.982567
vn -0.185709 -0.008649 -0.982567
vn -0.185709 -0.008649 -0.982567
vn -0.185709 -0.008649 -0.982567
vn -0.132750 0.077206 0.988138
vn -0.132750 0.077206 0.988138
vn -0.132750 0.077206 0.988138
vn -0.132750 0.077206 0.988138
vn -0.036713 0.004439 -0.999316
vn -0.036713 0.004439 -0.999316
vn -0.036713 0.004439 -0.999316
vn -0.036713 0.004439 -0.999316
vn -0.054790 0.870108 -0.489806
vn -0.054790 0.870108 -0.489806
vn -0.054790 0.870108 -0.489806
vn -0.054790 0.870108 -0.489806
vn -0.017196 0.882080 0.470787
vn -0.017196 0.882080 0.470786
vn -0.017196 0.882080 0.470787
vn -0.017196 0.882080 0.470787
vn 0.038776 -0.004707 0.999237
vn 0.038776 -0.004707 0.999237
vn 0.038776 -0.004707 0.999237
vn 0.038777 -0.004707 0.999237
vn 0.053270 -0.870220 0.489775
vn 0.053270 -0.870220 0.489775
vn 0.053270 -0.870220 0.489775
vn 0.053270 -0.870220 0.489775
vn 0.019758 -0.882056 -0.470731
vn 0.019758 -0.882056 -0.470731
vn 0.019758 -0.882056 -0.470731
vn 0.019758 -0.882056 -0.470731
vn -0.960004 0.271633 0.067888
vn -0.960041 0.271696 0.067101
vn -0.959758 0.272392 0.068313
vn -0.959727 0.272258 0.069280
vn -0.959441 0.273164 0.069675
vn -0.959497 0.273240 0.068592
vn -0.959835 0.272358 0.067367
vn 0.959823 -0.271672 -0.070249
vn 0.959729 -0.271748 -0.071224
vn 0.959492 -0.272471 -0.071661
vn 0.959383 -0.272613 -0.072568
vn 0.959178 -0.273223 -0.072985
vn 0.959261 -0.273144 -0.072181
vn 0.959573 -0.272423 -0.070746
vn -0.131256 -0.591455 -0.795583
vn -0.131256 -0.591455 -0.795583
vn -0.131256 -0.591455 -0.795583
vn -0.131256 -0.591455 -0.795583
vn -0.727370 -0.340614 -0.595748
vn -0.727370 -0.340614 -0.595748
vn -0.727370 -0.340614 -0.595748
vn -0.727370 -0.340614 -0.595747
vn -0.967406 -0.250525 -0.036911
vn -0.967406 -0.250525 -0.036911
vn -0.967406 -0.250525 -0.036911
vn -0.967406 -0.250525 -0.036911
vn -0.730431 -0.378609 0.568441
vn -0.730431 -0.378610 0.568441
vn -0.730431 -0.378609 0.568441
vn -0.730431 -0.378609 0.568441
vn -0.149073 -0.584217 0.797789
vn -0.149073 -0.584217 0.797789
vn -0.149073 -0.584217 0.797790
vn -0.149073 -0.584217 0.797789
vn 0.416441 -0.812688 0.407572
vn 0.416441 -0.812688 0.407572
vn 0.416441 -0.812688 0.407572
vn 0.416441 -0.812688 0.407572
vn 0.422549 -0.812968 -0.400669
vn 0.422549 -0.812968 -0.400669
vn 0.422549 -0.812968 -0.400669
vn 0.422549 -0.812968 -0.400669
vn 0.358575 0.586968 -0.725874
vn 0.358575 0.586968 -0.725874
vn 0.358575 0.586968 -0.725874
vn 0.358575 0.586968 -0.725874
vn 0.210371 0.769054 -0.603573
vn 0.210371 0.769054 -0.603573
vn 0.210371 0.769054 -0.603573
vn 0.210371 0.769054 -0.603573
vn 0.126539 0.990666 0.050681
vn 0.126539 0.990666 0.050681
vn 0.126539 0.990666 0.050681
vn 0.126539 0.990666 0.050681
vn 0.141867 0.785098 0.602905
vn 0.141867 0.785098 0.602905
vn 0.141867 0.785098 0.602905
vn 0.141867 0.785098 0.602905
vn 0.351288 0.586673 0.729666
vn 0.351288 0.586673 0.729666
vn 0.351288 0.586673 0.729666
vn 0.351288 0.586673 0.729666
vn 0.662426 0.602256 0.445511
vn 0.662426 0.602256 0.445511
vn 0.662426 0.602256 0.445511
vn 0.662426 0.602256 0.445511
vn 0.664319 0.603726 -0.440677
vn 0.664319 0.603726 -0.440677
vn 0.664318 0.603726 -0.440677
vn 0.664319 0.603726 -0.440677
vn -0.455872 -0.857429 -0.238738
vn -0.455872 -0.857430 -0.238738
vn -0.455872 -0.857430 -0.238738
vn -0.713655 -0.686726 -0.138213
vn -0.713655 -0.686727 -0.138213
vn -0.713655 -0.686726 -0.138213
vn -0.749312 -0.662159 -0.008786
vn -0.749312 -0.662159 -0.008786
vn -0.749312 -0.662159 -0.008786
vn -0.711279 -0.688295 0.142589
vn -0.711279 -0.688295 0.142589
vn -0.711279 -0.688295 0.142589
vn -0.463331 -0.851258 0.246342
vn -0.463331 -0.851258 0.246342
vn -0.463331 -0.851258 0.246342
vn -0.260033 -0.964743 -0.040663
vn -0.260033 -0.964743 -0.040663
vn -0.260033 -0.964743 -0.040663
vn -0.260589 -0.964274 0.047631
vn -0.260589 -0.964274 0.047631
vn -0.260589 -0.964274 0.047631
vn 0.382614 0.906525 -0.178380
vn 0.382614 0.906525 -0.178380
vn 0.382614 0.906525 -0.178380
vn 0.460817 0.864177 -0.202105
vn 0.460817 0.864177 -0.202105
vn 0.460817 0.864177 -0.202105
vn 0.385956 0.921650 0.040002
vn 0.385956 0.921650 0.040002
vn 0.385956 0.921650 0.040002
vn 0.425591 0.885843 0.184808
vn 0.425591 0.885843 0.184808
vn 0.425591 0.885843 0.184808
vn 0.386898 0.905882 0.172303
vn 0.386898 0.905882 0.172303
vn 0.386898 0.905882 0.172303
vn 0.367882 0.909718 0.192549
vn 0.367882 0.909718 0.192549
vn 0.367882 0.909718 0.192549
vn 0.369967 0.908970 -0.192088
vn 0.369967 0.908970 -0.192088
vn 0.369967 0.908970 -0.192088
vn 0.000001 0.073821 -0.997272
vn 0.000001 0.073822 -0.997272
vn 0.000001 0.073821 -0.997271
vn 0.000001 0.073821 -0.997272
vn -0.832020 0.083952 -0.548357
vn -0.832020 0.083952 -0.548357
vn -0.832020 0.083952 -0.548357
vn -0.832020 0.083952 -0.548357
vn -0.832020 0.083959 0.548356
vn -0.832020 0.083959 0.548356
vn -0.832020 0.083959 0.548356
vn -0.832020 0.083959 0.548356
vn 0.000000 0.073835 0.997271
vn 0.000000 0.073835 0.997271
vn 0.000000 0.073835 0.997271
vn 0.000000 0.073835 0.997271
vn 0.832020 0.083956 0.548356
vn 0.832020 0.083956 0.548356
vn 0.832020 0.083956 0.548356
vn 0.832020 0.083956 0.548356
vn 0.832021 0.083949 -0.548356
vn 0.832021 0.083949 -0.548356
vn 0.832021 0.083949 -0.548356
vn 0.832021 0.083949 -0.548356
vn -0.000002 -1.000000 0.000002
vn -0.000002 -1.000000 0.000000
vn -0.000002 -1.000000 0.000002
vn -0.000002 -1.000000 0.000001
vn -0.000002 -1.000000 -0.000000
vn -0.000002 -1.000000 0.000004
vn -0.000002 -1.000000 0.000004
vn 0.000001 1.000000 -0.000002
vn 0.000001 1.000000 -0.000008
vn 0.000002 1.000000 -0.000008
vn 0.000002 1.000000 -0.000010
vn 0.000001 1.000000 -0.000008
vn 0.000001 1.000000 -0.000013
vn 0.000002 1.000000 -0.000008
vn -0.022269 -0.021865 -0.999513
vn -0.022269 -0.021865 -0.999513
vn 0.000581 -0.191596 -0.981474
vn 0.001428 -0.197787 -0.980244
vn 0.164592 -0.397852 -0.902565
vn 0.178571 -0.407705 -0.895482
vn 0.204610 -0.425799 -0.881379
vn 0.204610 -0.425799 -0.881380
vn 0.993839 0.098717 0.050391
vn 0.993839 0.098717 0.050391
vn 0.993839 0.098717 0.050391
vn 0.993839 0.098717 0.050391
vn -0.993838 -0.098731 -0.050376
vn -0.993838 -0.098731 -0.050376
vn -0.993838 -0.098731 -0.050376
vn -0.993838 -0.098731 -0.050376
vn -0.125705 0.007167 0.992042
vn -0.125543 0.007183 0.992062
vn -0.124916 0.007248 0.992141
vn -0.106847 0.009064 0.994234
vn -0.107735 0.008975 0.994139
vn -0.068596 0.012890 0.997561
vn -0.068596 0.012890 0.997561
vn -0.993841 -0.098708 -0.050374
vn -0.993841 -0.098708 -0.050374
vn -0.993841 -0.098708 -0.050374
vn -0.993841 -0.098708 -0.050374
vn -0.266396 0.963459 -0.027912
vn -0.266396 0.963460 -0.027912
vn -0.181125 0.983173 -0.023753
vn -0.177295 0.983876 -0.023563
vn -0.049269 0.998571 -0.020720
vn -0.054407 0.998306 -0.020602
vn -0.035720 0.999141 -0.021028
vn -0.035720 0.999141 -0.021028
vn -0.035720 0.999141 -0.021028
vn 0.267766 -0.963078 0.027978
vn 0.267766 -0.963078 0.027978
vn -0.082218 -0.995979 0.035572
vn -0.107280 -0.993579 0.035953
vn -0.101930 -0.994441 0.026402
vn 0.013921 -0.999667 0.021734
vn 0.194777 -0.980750 0.013842
vn 0.194777 -0.980750 0.013842
vn 0.194777 -0.980750 0.013842
vn -0.120430 0.007697 0.992692
vn -0.120430 0.007697 0.992692
vn -0.120430 0.007697 0.992692
vn -0.120430 0.007697 0.992692
vn -0.120410 0.007712 0.992694
vn 0.161845 0.524859 0.835661
vn 0.161845 0.524859 0.835661
vn 0.161845 0.524859 0.835661
vn 0.161845 0.524859 0.835661
vn -0.681912 0.283459 0.674275
vn -0.681912 0.283459 0.674276
vn -0.681912 0.283459 0.674276
vn -0.681912 0.283459 0.674276
vn -0.895130 0.098108 0.434876
vn -0.895130 0.098108 0.434876
vn -0.895130 0.098108 0.434876
vn -0.895130 0.098108 0.434876
vn 0.177401 -0.951344 0.251938
vn 0.177401 -0.951344 0.251938
vn 0.177401 -0.951344 0.251938
vn 0.177401 -0.951344 0.251938
vn -0.173340 0.674721 0.717429
vn -0.173340 0.674721 0.717429
vn -0.173340 0.674721 0.717429
vn -0.173340 0.674721 0.717429
vn -0.024191 0.310618 -0.950227
vn -0.024191 0.310618 -0.950227
vn -0.024191 0.310618 -0.950227
vn -0.024191 0.310618 -0.950227
vn -0.000948 0.023448 -0.999725
vn -0.000948 0.023448 -0.999725
vn -0.000948 0.023448 -0.999725
vn -0.000948 0.023448 -0.999725
vn -0.053887 -0.979406 0.194576
vn -0.053887 -0.979406 0.194575
vn -0.053887 -0.979406 0.194575
vn -0.053887 -0.979406 0.194575
vn 0.026385 0.396170 -0.917798
vn 0.024668 0.682957 -0.730042
vn 0.024668 0.682957 -0.730042
vn 0.026385 0.395994 -0.917874
vn -0.014818 0.801133 0.598303
vn -0.017620 0.566929 0.823579
vn -0.017724 0.551762 0.833813
vn -0.014818 0.801133 0.598304
vn -0.007149 0.070597 0.997479
vn -0.006448 0.044996 0.998966
vn -0.006438 0.044631 0.998983
vn -0.007149 0.070597 0.997479
vn 0.000569 -0.999900 0.014136
vn 0.000105 -0.999927 0.012051
vn 0.000105 -0.999927 0.012051
vn 0.000576 -0.999900 0.014164
vn 0.982694 0.099226 0.156419
vn 0.971526 0.127876 0.199463
vn 0.968186 0.120586 0.219262
vn 0.992679 0.040195 0.113894
vn -0.995108 0.027373 0.094925
vn -0.976630 0.103281 0.188487
vn -0.981090 0.114220 0.156260
vn -0.989541 0.085814 0.115950
vn -0.005234 0.000910 0.999986
vn -0.005234 0.000910 0.999986
vn 0.997963 0.003901 0.063673
vn 0.999911 0.003744 0.012820
vn 0.026279 0.292803 -0.955812
vn 0.026279 0.292803 -0.955812
vn -0.999923 -0.004190 -0.011677
vn -0.998840 -0.005407 0.047849
vn -0.018006 0.037703 0.999127
vn -0.018006 0.037703 0.999127
vn 0.946441 0.085429 0.311371
vn 0.967131 0.046459 0.249998
vn -0.966011 0.025345 0.257254
vn -0.945057 0.055743 0.322118
vn 0.983222 0.004231 0.182365
vn 0.001255 -0.999851 0.017210
vn 0.001255 -0.999851 0.017210
vn -0.982798 -0.008140 0.184504
vn -0.642365 0.217088 0.735010
vn 0.000000 -0.019786 0.999804
vn 0.000000 0.412713 0.910861
vn -0.746512 -0.019768 0.665079
vn 0.642367 0.217087 0.735009
vn 0.746512 -0.019771 0.665078
vn 0.586048 0.050166 0.808722
vn -0.000000 0.044336 0.999017
vn -0.586048 0.050168 0.808722
vn -0.515067 0.573825 0.636734
vn 0.000001 0.652896 0.757448
vn 0.000002 0.917496 0.397744
vn -0.581284 0.737901 0.342945
vn 0.515067 0.573821 0.636738
vn 0.581287 0.737898 0.342945
vn 0.000002 0.995976 -0.089618
vn 0.628761 0.772246 -0.091084
vn 0.527588 0.718876 -0.452623
vn 0.000002 0.841335 -0.540514
vn -0.628757 0.772248 -0.091087
vn -0.527584 0.718878 -0.452625
vn -0.670280 0.257409 -0.696035
vn 0.000000 0.353887 -0.935288
vn -0.000000 -0.145954 -0.989291
vn -0.697276 -0.148009 -0.701355
vn 0.670282 0.257407 -0.696034
vn 0.697276 -0.148012 -0.701355
vn 0.562498 -0.691799 -0.452781
vn -0.000002 -0.813587 -0.581443
vn -0.562501 -0.691797 -0.452779
vn -0.000002 -0.954913 -0.296888
vn -0.669885 -0.729679 -0.137195
vn 0.669882 -0.729682 -0.137195
vn -0.000001 -0.703866 0.710333
vn 0.691399 -0.563391 0.452281
vn -0.691402 -0.563388 0.452281
vn 0.955926 -0.230892 0.181369
vn 0.977821 -0.183992 -0.100063
vn 0.976227 0.175590 -0.127078
vn 0.948671 0.166520 0.268878
vn -0.977822 -0.183988 -0.100063
vn -0.955927 -0.230889 0.181369
vn -0.948670 0.166523 0.268878
vn -0.976226 0.175594 -0.127078
vn -0.942001 -0.255330 0.217808
vn -0.945509 0.169314 0.278109
vn -0.631078 -0.775437 -0.020936
vn -0.000002 -0.992717 0.120472
vn 0.631075 -0.775440 -0.020934
vn 0.942000 -0.255334 0.217808
vn 0.945510 0.169311 0.278109
vn 0.000002 0.965822 0.259207
vn 0.561601 0.780941 0.273380
vn -0.561598 0.780942 0.273381
vn -0.002183 0.421865 -0.906656
vn -0.002183 0.421815 -0.906679
vn -0.002278 0.487639 -0.873042
vn -0.002278 0.487639 -0.873042
vn 0.000716 0.794564 0.607180
vn 0.000716 0.794564 0.607180
vn 0.000159 0.826619 0.562761
vn 0.000161 0.826549 0.562865
vn 0.001025 0.079293 0.996851
vn 0.001025 0.079293 0.996851
vn 0.000990 0.049727 0.998762
vn 0.000990 0.049785 0.998759
vn 0.000413 -0.999977 0.006803
vn 0.000413 -0.999977 0.006811
vn 0.000403 -1.000000 0.000366
vn 0.000403 -1.000000 0.000366
vn -0.995652 0.091485 0.017528
vn -0.984783 0.133272 0.111540
vn -0.973945 0.201742 0.103591
vn -0.980022 0.195529 0.036409
vn 0.985043 0.132346 0.110344
vn 0.995791 0.090395 0.015118
vn 0.980248 0.194837 0.033964
vn 0.974234 0.201052 0.102207
vn 0.000932 0.001168 0.999999
vn 0.000932 0.001168 0.999999
vn -0.999999 0.000479 0.001004
vn -0.996775 0.000398 0.080246
vn -0.001943 0.274488 -0.961589
vn -0.001943 0.274488 -0.961589
vn 0.996871 -0.000932 0.079042
vn 0.999999 -0.000874 -0.001340
vn -0.000103 0.840831 0.541298
vn -0.000103 0.840831 0.541298
vn -0.969341 0.129224 0.208996
vn -0.951491 0.210648 0.224261
vn 0.951634 0.209872 0.224382
vn 0.969463 0.128211 0.209056
vn -0.983267 0.000288 0.182170
vn 0.000427 -0.999868 0.016248
vn 0.000427 -0.999868 0.016248
vn 0.983273 -0.000997 0.182135
vn 0.277244 0.032388 0.960254
vn -0.018753 0.030637 0.999355
vn -0.019535 0.030629 0.999340
vn 0.277244 0.032388 0.960254
vn -0.311226 0.026192 0.949975
vn -0.311226 0.026192 0.949975
vn 0.206941 -0.681135 0.702304
vn 0.044407 0.998987 -0.007234
vn 0.053575 0.998367 0.019805
vn 0.206941 -0.681135 0.702304
vn 0.018052 0.996274 -0.084336
vn 0.018052 0.996274 -0.084336
vn -0.305090 -0.024814 -0.952000
vn -0.016654 -0.028128 -0.999466
vn -0.015584 -0.028136 -0.999483
vn -0.305090 -0.024814 -0.952000
vn 0.280745 -0.029028 -0.959343
vn 0.280745 -0.029028 -0.959343
vn -0.007656 -0.999557 0.028750
vn -0.002031 -0.999331 0.036528
vn -0.001981 -0.999328 0.036597
vn -0.007656 -0.999557 0.028750
vn 0.003823 -0.998997 0.044619
vn 0.003823 -0.998997 0.044619
vn 0.999987 -0.001766 0.004712
vn 0.999987 -0.001766 0.004712
vn 0.999987 -0.001766 0.004712
vn 0.999987 -0.001766 0.004712
vn -0.063009 0.028124 0.997617
vn -0.063009 0.028124 0.997617
vn -0.063009 0.028124 0.997617
vn -0.063009 0.028124 0.997617
vn 0.044786 -0.058070 -0.997307
vn 0.044786 -0.058070 -0.997307
vn 0.044786 -0.058070 -0.997307
vn 0.044786 -0.058070 -0.997307
vn 0.941229 0.008225 -0.337670
vn 0.941229 0.008225 -0.337670
vn 0.941229 0.008225 -0.337670
vn 0.941229 0.008225 -0.337670
vn 0.931517 0.011106 0.363528
vn 0.931517 0.011106 0.363528
vn 0.931517 0.011106 0.363528
vn 0.931517 0.011106 0.363528
vn -0.033423 0.034856 0.998833
vn -0.033423 0.034856 0.998833
vn -0.033423 0.034856 0.998833
vn -0.033423 0.034856 0.998833
vn -0.953626 0.013924 0.300673
vn -0.953626 0.013924 0.300673
vn -0.953626 0.013924 0.300673
vn -0.953626 0.013924 0.300673
vn -0.907818 0.014210 -0.419123
vn -0.907818 0.014210 -0.419123
vn -0.907818 0.014210 -0.419123
vn -0.907818 0.014210 -0.419123
vn -0.002559 -0.998741 0.050095
vn -0.001459 -0.999136 0.041532
vn -0.002202 -0.998753 0.049869
vn -0.001966 -0.999121 0.041868
vn -0.000526 -0.999446 0.033273
vn -0.000220 -0.999457 0.032944
vn -0.001041 -0.999155 0.041084
vn 0.001559 0.998310 -0.058090
vn 0.002121 0.998745 -0.050038
vn 0.000881 0.998324 -0.057858
vn 0.000810 0.998803 -0.048911
vn 0.004177 0.999118 -0.041788
vn 0.004778 0.999064 -0.042983
vn 0.002472 0.998699 -0.050928
vn -0.110189 -0.099640 0.988904
vn 0.006278 -0.098293 0.995138
vn -0.000219 -0.035436 0.999372
vn -0.168760 -0.080322 0.982379
vn 0.127215 -0.095476 0.987269
vn 0.181645 -0.076980 0.980347
vn -0.001954 -0.030247 0.999541
vn -0.318782 -0.028361 0.947404
vn 0.316708 -0.029000 0.948080
vn -0.002559 0.999990 0.003680
vn 0.003239 0.999959 0.008506
vn 0.003320 0.999958 0.008574
vn -0.002559 0.999990 0.003680
vn 0.009468 0.999861 0.013690
vn 0.009468 0.999861 0.013690
vn 0.196639 0.033293 -0.979911
vn 0.024313 0.033066 -0.999157
vn 0.024240 0.034944 -0.999095
vn 0.110114 0.052461 -0.992534
vn -0.150554 0.031826 -0.988089
vn -0.059730 0.049545 -0.996984
vn 0.029119 0.057803 -0.997903
vn 0.079043 0.059195 -0.995112
vn -0.025308 0.056123 -0.998103
vn -0.023434 0.999302 0.029088
vn -0.010509 0.999453 0.031368
vn -0.010012 0.999455 0.031455
vn -0.023434 0.999302 0.029088
vn -0.004264 0.999464 0.032467
vn -0.004264 0.999464 0.032467
vn 0.878562 -0.476834 -0.027539
vn 0.878562 -0.476834 -0.027539
vn 0.997890 -0.062954 0.015890
vn 0.997899 -0.062805 0.015905
vn 0.997780 0.060398 0.028044
vn 0.997780 0.060398 0.028044
vn -0.865382 -0.500728 -0.019635
vn -0.865382 -0.500728 -0.019635
vn -0.997162 -0.069374 -0.029234
vn -0.997025 -0.071329 -0.029204
vn -0.997813 0.058422 -0.030917
vn -0.997813 0.058422 -0.030917
vn -0.045576 -0.060046 -0.997155
vn -0.045576 -0.060046 -0.997155
vn -0.045576 -0.060046 -0.997155
vn -0.045576 -0.060046 -0.997155
vn -0.941803 0.007323 -0.336086
vn -0.941803 0.007323 -0.336086
vn -0.941803 0.007323 -0.336086
vn -0.941803 0.007323 -0.336086
vn -0.931467 0.011747 0.363636
vn -0.931467 0.011747 0.363636
vn -0.931467 0.011747 0.363636
vn -0.931467 0.011747 0.363636
vn 0.034111 0.036572 0.998749
vn 0.034111 0.036572 0.998749
vn 0.034111 0.036572 0.998749
vn 0.034111 0.036572 0.998749
vn 0.953764 0.014425 0.300211
vn 0.953764 0.014425 0.300211
vn 0.953764 0.014425 0.300211
vn 0.953764 0.014425 0.300211
vn 0.908195 0.013810 -0.418321
vn 0.908195 0.013810 -0.418321
vn 0.908195 0.013810 -0.418321
vn 0.908194 0.013810 -0.418321
vn 0.003776 -0.998710 0.050645
vn 0.003410 -0.998745 0.049973
vn 0.001636 -0.999117 0.041995
vn 0.002061 -0.999081 0.042809
vn 0.000018 -0.999423 0.033963
vn -0.000294 -0.999442 0.033405
vn 0.001116 -0.999155 0.041097
vn -0.003298 0.998264 -0.058799
vn -0.002709 0.998249 -0.059096
vn -0.002314 0.998707 -0.050784
vn -0.001102 0.998739 -0.050198
vn -0.003476 0.999093 -0.042443
vn -0.004035 0.999055 -0.043280
vn -0.002602 0.998691 -0.051087
vn 0.085563 -0.131602 -0.987603
vn 0.085563 -0.131602 -0.987603
vn 0.112640 -0.065838 -0.991452
vn 0.114778 -0.060569 -0.991543
vn -0.266689 -0.132730 -0.954599
vn -0.266689 -0.132730 -0.954599
vn -0.287069 -0.072669 -0.955149
vn -0.285230 -0.078246 -0.955260
vn -0.780733 -0.111867 -0.614770
vn -0.780733 -0.111867 -0.614770
vn -0.798362 -0.073906 -0.597626
vn -0.796236 -0.078684 -0.599847
vn -0.921952 -0.165306 0.350256
vn -0.921952 -0.165306 0.350256
vn -0.925065 -0.092884 0.368275
vn -0.924989 -0.099981 0.366606
vn -0.366868 -0.251246 0.895703
vn -0.366868 -0.251246 0.895703
vn -0.369348 -0.179970 0.911698
vn -0.369168 -0.188029 0.910143
vn 0.365440 -0.247801 0.897245
vn 0.365440 -0.247801 0.897245
vn 0.367764 -0.187874 0.910743
vn 0.367947 -0.180730 0.912114
vn 0.917119 -0.157184 0.366313
vn 0.917119 -0.157184 0.366313
vn 0.919735 -0.095907 0.380644
vn 0.919796 -0.089775 0.381990
vn 0.861954 -0.145730 -0.485591
vn 0.861954 -0.145730 -0.485591
vn 0.875587 -0.080093 -0.476375
vn 0.877147 -0.071042 -0.474937
vn 0.157070 -0.017347 -0.987435
vn 0.156176 -0.015878 -0.987602
vn -0.255339 -0.082126 -0.963357
vn -0.254207 -0.083580 -0.963532
vn -0.848485 -0.026806 -0.528541
vn -0.849609 -0.026982 -0.526722
vn -0.921708 0.018311 0.387453
vn -0.921708 0.018356 0.387451
vn -0.196214 0.182978 0.963337
vn -0.125396 0.250986 0.959834
vn 0.127460 0.249338 0.959992
vn 0.199515 0.177497 0.963685
vn 0.919400 0.030365 0.392150
vn 0.919386 0.030157 0.392200
vn 0.888035 0.044288 -0.457638
vn 0.888033 0.044308 -0.457640
vn 0.165531 -0.031284 -0.985708
vn 0.165531 -0.031284 -0.985708
vn -0.222287 -0.124024 -0.967061
vn -0.222287 -0.124024 -0.967061
vn -0.866154 -0.029637 -0.498899
vn -0.866154 -0.029637 -0.498898
vn -0.921604 0.032841 0.386739
vn -0.921604 0.032841 0.386739
vn -0.074583 0.297620 0.951767
vn -0.074583 0.297620 0.951767
vn 0.076775 0.297587 0.951603
vn 0.076775 0.297587 0.951603
vn 0.920846 0.055995 0.385886
vn 0.920846 0.055995 0.385886
vn 0.886987 0.055693 -0.458424
vn 0.886987 0.055693 -0.458424
vn 0.050542 -0.942998 0.328940
vn -0.226325 -0.937901 -0.262904
vn -0.007572 -0.999952 -0.006187
vn 0.223463 -0.921143 -0.318685
vn 0.407988 -0.912819 -0.017567
vn 0.229660 -0.968335 0.097899
vn 0.001779 -0.988656 -0.150186
vn -0.222153 -0.970165 0.097094
vn -0.395036 -0.917223 -0.051456
vn 0.423978 0.830786 -0.360607
vn 0.005101 0.996443 -0.084116
vn 0.003172 0.990322 0.138752
vn -0.417164 0.835119 -0.358538
vn -0.230099 0.958507 0.168284
vn -0.081876 0.917952 0.388149
vn 0.004152 0.902145 0.431413
vn 0.088145 0.916974 0.389087
vn 0.235293 0.957256 0.168222
vn -0.168445 -0.159323 -0.972750
vn -0.168445 -0.159323 -0.972750
vn -0.169898 -0.051844 -0.984097
vn -0.169868 -0.057984 -0.983759
vn -0.892176 -0.149322 -0.426291
vn -0.892176 -0.149322 -0.426291
vn -0.916111 -0.014369 -0.400667
vn -0.915437 -0.020276 -0.401951
vn -0.935482 -0.112617 0.334950
vn -0.935482 -0.112617 0.334950
vn -0.937714 0.028000 0.346279
vn -0.937992 0.022188 0.345946
vn 0.144574 -0.074978 0.986649
vn 0.144574 -0.074978 0.986649
vn 0.146279 -0.024140 0.988949
vn 0.146260 -0.024789 0.988936
vn 0.992968 -0.093457 0.072663
vn 0.992968 -0.093457 0.072663
vn 0.995486 0.056128 0.076530
vn 0.995291 0.059406 0.076595
vn 0.792538 -0.127473 -0.596350
vn 0.792538 -0.127473 -0.596350
vn 0.808834 0.012463 -0.587905
vn 0.808902 0.013629 -0.587785
vn -0.154022 0.398268 -0.904245
vn -0.154022 0.398268 -0.904245
vn -0.845643 0.477234 -0.239033
vn -0.845643 0.477234 -0.239033
vn -0.771851 0.546948 0.324184
vn -0.771850 0.546948 0.324184
vn 0.147002 0.344169 0.927329
vn 0.147002 0.344169 0.927329
vn 0.801638 0.593075 0.075092
vn 0.801638 0.593075 0.075092
vn 0.716502 0.537815 -0.444275
vn 0.716502 0.537815 -0.444275
vn 0.018352 -0.997729 0.064801
vn 0.033828 -0.997969 0.053985
vn 0.015973 -0.997919 0.062471
vn -0.002398 -0.997872 0.065161
vn 0.008633 -0.997883 0.064453
vn 0.022137 -0.997710 0.063916
vn 0.028991 -0.998081 0.054718
vn -0.008912 0.999960 0.001215
vn -0.016662 0.999850 0.004788
vn -0.018300 0.999649 0.019154
vn -0.033557 0.999166 0.023276
vn -0.021849 0.999139 0.035271
vn -0.012453 0.999366 0.033367
vn -0.005994 0.999881 0.014195
vn 0.149920 -0.010656 -0.988641
vn 0.149920 -0.010656 -0.988641
vn 0.149920 -0.010656 -0.988641
vn 0.149920 -0.010656 -0.988641
vn 0.106157 0.866307 -0.488101
vn 0.106157 0.866307 -0.488101
vn 0.106157 0.866307 -0.488101
vn 0.106157 0.866307 -0.488101
vn 0.068192 0.897050 0.436636
vn 0.068192 0.897050 0.436636
vn 0.068192 0.897050 0.436636
vn 0.068192 0.897050 0.436636
vn 0.069909 0.015665 0.997430
vn 0.069909 0.015665 0.997430
vn 0.069909 0.015665 0.997430
vn 0.069909 0.015665 0.997430
vn 0.094270 -0.882907 0.459987
vn 0.094270 -0.882908 0.459987
vn 0.094270 -0.882908 0.459987
vn 0.094270 -0.882908 0.459987
vn 0.130810 -0.875611 -0.464968
vn 0.130810 -0.875611 -0.464968
vn 0.130810 -0.875611 -0.464968
vn 0.130810 -0.875611 -0.464968
vn 0.998566 0.014761 0.051467
vn 0.998868 0.014871 0.045188
vn 0.998577 0.014903 0.051212
vn 0.998877 0.014901 0.044968
vn 0.999100 0.014711 0.039778
vn 0.999092 0.014768 0.039955
vn 0.998875 0.015097 0.044962
vn -0.998575 -0.014750 -0.051289
vn -0.998713 -0.014910 -0.048480
vn -0.998558 -0.014966 -0.051555
vn -0.998711 -0.015310 -0.048392
vn -0.998849 -0.014803 -0.045622
vn -0.998839 -0.014600 -0.045917
vn -0.998714 -0.014862 -0.048472
vn 0.000942 0.476566 -0.879138
vn 0.000933 0.681765 -0.731570
vn 0.000933 0.681765 -0.731570
vn 0.000942 0.476774 -0.879025
vn 0.000228 0.943513 0.331335
vn 0.000263 0.956951 0.290251
vn 0.000263 0.956950 0.290252
vn 0.000228 0.943513 0.331335
vn -0.000060 0.812336 0.583189
vn -0.000151 0.752388 0.658721
vn -0.000151 0.752402 0.658704
vn -0.000060 0.812336 0.583189
vn -0.000534 -0.999994 0.003535
vn -0.000526 -0.999990 -0.004514
vn -0.000526 -0.999990 -0.004514
vn -0.000534 -0.999994 0.003534
vn 0.978204 0.171823 0.116596
vn 0.929308 0.339578 0.145168
vn 0.944461 0.280113 0.171843
vn 0.974323 0.149958 0.167948
vn -0.974157 0.136925 0.179638
vn -0.934578 0.299375 0.192193
vn -0.912762 0.367627 0.178087
vn -0.979572 0.145912 0.138377
vn -0.000804 0.002893 0.999996
vn -0.000804 0.002893 0.999996
vn 0.987718 0.029623 0.153412
vn 0.994640 0.044769 0.093207
vn 0.000915 0.327338 -0.944907
vn 0.000915 0.327338 -0.944907
vn -0.994292 -0.024658 0.103806
vn -0.987022 -0.016050 0.159782
vn 0.000293 0.967429 0.253141
vn 0.000293 0.967429 0.253141
vn 0.960652 0.174537 0.216066
vn 0.965999 0.069715 0.248971
vn -0.966326 0.070841 0.247377
vn -0.960814 0.175590 0.214489
vn 0.963104 -0.000256 0.269130
vn -0.000549 -0.999820 0.018975
vn -0.000549 -0.999820 0.018975
vn -0.963546 0.000903 0.267540
vn 0.117218 -0.009922 -0.993057
vn 0.113363 0.014267 -0.993451
vn 0.112827 0.017596 -0.993459
vn 0.117218 -0.009922 -0.993057
vn 0.945669 -0.055098 -0.320429
vn 0.950527 0.018262 -0.310104
vn 0.950506 0.017580 -0.310208
vn 0.945669 -0.055098 -0.320429
vn 0.954667 -0.054160 0.292707
vn 0.953141 0.002730 0.302513
vn 0.953093 0.003601 0.302655
vn 0.954667 -0.054160 0.292707
vn -0.050023 -0.114310 0.992185
vn -0.044922 -0.052098 0.997631
vn -0.046281 -0.068479 0.996579
vn -0.050023 -0.114310 0.992185
vn -0.983963 -0.144457 0.104633
vn -0.991892 0.038137 0.121226
vn -0.991782 0.040375 0.121404
vn -0.983963 -0.144457 0.104633
vn -0.858030 -0.103176 -0.503130
vn -0.873720 0.018903 -0.486063
vn -0.875099 0.040597 -0.482239
vn -0.858030 -0.103176 -0.503130
vn 0.091486 0.144075 -0.985329
vn 0.091486 0.144075 -0.985329
vn 0.921732 0.291096 -0.256268
vn 0.921732 0.291096 -0.256268
vn 0.905308 0.262078 0.334265
vn 0.905308 0.262078 0.334265
vn -0.013353 0.296666 0.954888
vn -0.013353 0.296666 0.954888
vn -0.749525 0.646012 0.144503
vn -0.749525 0.646012 0.144503
vn -0.779980 0.535374 -0.324045
vn -0.779980 0.535374 -0.324045
vn -0.012682 -0.999712 -0.020392
vn -0.014693 -0.999664 -0.021333
vn -0.012992 -0.999719 -0.019847
vn -0.014230 -0.999652 -0.022222
vn -0.015879 -0.999622 -0.022466
vn -0.015759 -0.999640 -0.021730
vn -0.014318 -0.999694 -0.020192
vn 0.001426 0.999966 0.008162
vn 0.003837 0.999949 0.009400
vn 0.002285 0.999961 0.008564
vn 0.005172 0.999932 0.010498
vn 0.007879 0.999910 0.010889
vn 0.007112 0.999924 0.010110
vn 0.002070 0.999963 0.008316
vn 0.127804 0.053637 -0.990348
vn 0.141614 0.099871 -0.984871
vn 0.141323 0.098889 -0.985012
vn 0.127804 0.053637 -0.990348
vn 0.405756 0.050694 -0.912575
vn 0.407567 0.096881 -0.908022
vn 0.407230 0.086335 -0.909236
vn 0.405756 0.050694 -0.912575
vn 0.647591 -0.115686 0.753155
vn 0.588969 -0.076258 0.804550
vn 0.572540 -0.065622 0.817246
vn 0.647591 -0.115686 0.753155
vn -0.146436 -0.084677 0.985590
vn -0.145327 -0.077064 0.986378
vn -0.145321 -0.077024 0.986382
vn -0.146436 -0.084677 0.985590
vn -0.810699 -0.108162 0.575385
vn -0.775541 -0.048378 0.629440
vn -0.779776 -0.055090 0.623630
vn -0.810699 -0.108162 0.575385
vn -0.110195 0.040656 -0.993078
vn -0.118453 0.080467 -0.989694
vn -0.120721 0.091544 -0.988456
vn -0.110195 0.040656 -0.993078
vn 0.185457 0.253129 -0.949490
vn 0.185457 0.253129 -0.949490
vn 0.406549 0.266714 -0.873832
vn 0.406549 0.266714 -0.873832
vn 0.306574 0.088396 0.947733
vn 0.306574 0.088396 0.947733
vn -0.139565 -0.038359 0.989470
vn -0.139565 -0.038359 0.989470
vn -0.631267 0.135811 0.763582
vn -0.631267 0.135811 0.763582
vn -0.157295 0.280407 -0.946906
vn -0.157295 0.280407 -0.946906
vn -0.018188 -0.997531 -0.067833
vn 0.006470 -0.994588 -0.103691
vn 0.019489 -0.995353 -0.094300
vn -0.018454 -0.998776 -0.045897
vn -0.015350 -0.998838 -0.045695
vn 0.022321 -0.995670 -0.090238
vn 0.023402 -0.995743 -0.089158
vn -0.088800 0.860890 0.500982
vn -0.083388 0.811653 0.578157
vn -0.065561 0.738388 0.671182
vn -0.061221 0.736006 0.674201
vn -0.060117 0.752477 0.655869
vn -0.093255 0.849543 0.519211
vn -0.091545 0.856164 0.508530
vn 0.269376 -0.008586 -0.962997
vn 0.269376 -0.008586 -0.962997
vn 0.269376 -0.008586 -0.962997
vn 0.269376 -0.008586 -0.962997
vn -0.265375 -0.007912 -0.964113
vn -0.265375 -0.007912 -0.964113
vn -0.265375 -0.007912 -0.964113
vn -0.265375 -0.007912 -0.964113
vn -0.810754 0.155058 -0.564478
vn -0.810754 0.155058 -0.564478
vn -0.810754 0.155058 -0.564478
vn -0.810754 0.155058 -0.564478
vn -0.850643 0.200060 0.486192
vn -0.850643 0.200060 0.486192
vn -0.850643 0.200060 0.486192
vn -0.850643 0.200060 0.486192
vn -0.210094 -0.016877 0.977536
vn -0.210094 -0.016877 0.977536
vn -0.210094 -0.016877 0.977536
vn -0.210094 -0.016877 0.977536
vn 0.205039 -0.016224 0.978619
vn 0.205039 -0.016224 0.978619
vn 0.205039 -0.016224 0.978619
vn 0.205039 -0.016224 0.978619
vn 0.864091 0.204293 0.460012
vn 0.864091 0.204293 0.460012
vn 0.864091 0.204293 0.460012
vn 0.864091 0.204293 0.460012
vn 0.852979 0.163942 -0.495530
vn 0.852979 0.163942 -0.495530
vn 0.852979 0.163942 -0.495530
vn 0.852979 0.163942 -0.495530
vn -0.001365 -0.974235 0.225531
vn 0.055225 -0.965123 -0.255906
vn -0.002064 -0.984256 0.176739
vn -0.048053 -0.961912 -0.269101
vn 0.062920 -0.950553 0.304122
vn -0.091530 -0.878922 0.468101
vn 0.000320 -0.997042 -0.076859
vn 0.084730 -0.877401 0.472216
vn -0.073023 -0.950659 0.301520
vn -0.140105 0.989519 0.034972
vn 0.000304 0.993089 0.117365
vn -0.000651 0.974678 0.223613
vn 0.144195 0.989016 0.032472
vn 0.355773 0.930595 -0.086133
vn 0.119916 0.959084 0.256474
vn -0.003221 -0.134507 0.990908
vn -0.114902 0.953859 0.277399
vn -0.368057 0.925282 -0.091583
vn -0.148035 -0.010935 -0.988922
vn -0.148035 -0.010935 -0.988922
vn -0.148035 -0.010935 -0.988922
vn -0.148035 -0.010935 -0.988922
vn -0.105044 0.865955 -0.488965
vn -0.105044 0.865955 -0.488965
vn -0.105044 0.865955 -0.488965
vn -0.105044 0.865955 -0.488965
vn -0.069573 0.896907 0.436713
vn -0.069573 0.896907 0.436713
vn -0.069573 0.896907 0.436713
vn -0.069573 0.896907 0.436713
vn -0.073143 0.016192 0.997190
vn -0.073143 0.016192 0.997190
vn -0.073143 0.016192 0.997190
vn -0.073143 0.016192 0.997190
vn -0.095389 -0.882664 0.460224
vn -0.095389 -0.882664 0.460224
vn -0.095389 -0.882664 0.460224
vn -0.095389 -0.882664 0.460224
vn -0.129935 -0.875483 -0.465453
vn -0.129935 -0.875483 -0.465453
vn -0.129935 -0.875483 -0.465453
vn -0.129935 -0.875483 -0.465453
vn -0.998629 0.014844 0.050189
vn -0.998634 0.015004 0.050057
vn -0.998956 0.014853 0.043194
vn -0.998970 0.014838 0.042892
vn -0.999206 0.014590 0.037079
vn -0.999196 0.014679 0.037299
vn -0.998960 0.015089 0.043035
vn 0.998715 -0.015049 -0.048387
vn 0.998715 -0.015302 -0.048319
vn 0.998887 -0.014954 -0.044731
vn 0.998895 -0.015323 -0.044424
vn 0.999043 -0.014685 -0.041202
vn 0.999031 -0.014449 -0.041583
vn 0.998881 -0.014801 -0.044932
vn -0.000874 0.476567 -0.879138
vn -0.000874 0.476774 -0.879025
vn -0.000867 0.681766 -0.731570
vn -0.000867 0.681766 -0.731570
vn -0.000216 0.943513 0.331335
vn -0.000216 0.943513 0.331335
vn -0.000249 0.956950 0.290252
vn -0.000249 0.956950 0.290251
vn 0.000042 0.812333 0.583193
vn 0.000042 0.812333 0.583193
vn 0.000127 0.752396 0.658711
vn 0.000127 0.752385 0.658723
vn 0.000502 -0.999994 0.003534
vn 0.000502 -0.999994 0.003533
vn 0.000493 -0.999990 -0.004515
vn 0.000493 -0.999990 -0.004515
vn -0.978203 0.171863 0.116538
vn -0.974327 0.149998 0.167891
vn -0.944459 0.280153 0.171789
vn -0.929303 0.339616 0.145115
vn 0.974153 0.136883 0.179692
vn 0.979571 0.145872 0.138430
vn 0.912765 0.367598 0.178136
vn 0.934577 0.299344 0.192245
vn 0.000743 0.002881 0.999996
vn 0.000743 0.002881 0.999996
vn -0.994644 0.044808 0.093147
vn -0.987726 0.029660 0.153354
vn -0.000849 0.327339 -0.944907
vn -0.000849 0.327339 -0.944907
vn 0.987012 -0.016102 0.159837
vn 0.994285 -0.024704 0.103858
vn -0.000278 0.967429 0.253142
vn -0.000278 0.967429 0.253142
vn -0.966010 0.069753 0.248916
vn -0.960656 0.174580 0.216012
vn 0.960807 0.175558 0.214545
vn 0.966315 0.070789 0.247434
vn -0.963119 -0.000223 0.269075
vn 0.000519 -0.999820 0.018973
vn 0.000519 -0.999820 0.018973
vn 0.963531 0.000840 0.267596
s 1
g initialShadingGroup polySurface184
usemtl lambert8SG
f 2/1/1 3/2/2 16/3/3 17/4/4
s off
f 2/1/5 4/5/6 5/6/7 3/2/8
s 2
f 8/7/9 14/8/10 9/9/11
s 3
f 1/10/12 15/11/13 18/12/14 12/13/15
s off
f 6/14/16 4/5/17 2/1/18 1/15/19
s 1
f 1/15/20 2/1/1 17/4/4 15/16/21
s off
f 4/5/22 6/14/23 7/17/24
s 4
f 11/18/25 8/19/26 9/20/27
s 5
f 5/21/28 9/9/29 14/8/30 13/22/31
s 6
f 10/23/32 8/19/33 11/18/34
f 7/17/35 10/23/32 11/18/34 4/5/36
s 4
f 4/5/37 11/18/25 9/20/27 5/6/38
s 3
f 6/24/39 1/10/12 12/13/15 7/25/40
s 7
f 3/26/41 5/21/42 13/22/43 7/25/44 12/13/45
s 5
f 14/8/30 10/27/46 7/25/47 13/22/31
s 2
f 8/7/9 10/27/48 14/8/10
s 7
f 16/28/49 3/26/41 12/13/45 18/12/50
s 8
f 16/3/51 19/29/52 17/4/53
f 16/28/51 18/12/54 19/30/52
f 19/30/52 18/12/54 15/11/55
f 17/31/53 19/32/52 15/33/55
s 9
usemtl lambert10SG
f 20/34/56 21/35/57 29/36/58 28/37/59
s 10
f 21/35/60 22/38/61 30/39/62 29/36/63
s 11
f 22/40/64 23/41/65 31/42/66 30/43/67
s 12
f 23/41/68 24/44/69 32/45/70 31/42/71
s 13
f 24/46/72 25/47/73 33/48/74 32/49/75
s 14
f 25/47/76 26/50/77 34/51/78 33/48/79
s 15
f 26/52/80 27/53/81 35/54/82 34/55/83
s 16
f 27/53/84 20/56/85 28/57/86 35/54/87
s 9
f 28/37/59 29/36/58 37/58/88 36/59/89
s 10
f 29/36/63 30/39/62 38/60/90 37/58/91
s 11
f 30/43/67 31/42/66 39/61/92 38/62/93
s 12
f 31/42/71 32/45/70 40/63/94 39/61/95
s 13
f 32/49/75 33/48/74 41/64/96 40/65/97
s 14
f 33/48/79 34/51/78 42/66/98 41/64/99
s 15
f 34/55/83 35/54/82 43/67/100 42/68/101
s 16
f 35/54/87 28/57/86 36/69/102 43/67/103
s 17
f 21/70/104 20/71/105 44/72/106
f 22/73/107 21/70/104 44/72/106
f 23/74/108 22/73/107 44/72/106
f 24/75/109 23/74/108 44/72/106
f 25/76/110 24/75/109 44/72/106
f 26/77/111 25/76/110 44/72/106
f 27/78/112 26/77/111 44/72/106
f 20/71/105 27/78/112 44/72/106
s 18
f 36/79/113 37/80/114 45/81/115
f 37/80/114 38/82/116 45/81/115
f 38/82/116 39/83/117 45/81/115
f 39/83/117 40/84/118 45/81/115
f 40/84/118 41/85/119 45/81/115
f 41/85/119 42/86/120 45/81/115
f 42/86/120 43/87/121 45/81/115
f 43/87/121 36/79/113 45/81/115
s 19
usemtl lambert8SG
f 46/88/122 47/89/123 55/90/124 54/91/125
s 20
f 47/92/126 48/93/127 56/94/128 55/95/129
s 21
f 48/93/130 49/96/131 57/97/132 56/94/133
s 22
f 49/96/134 50/98/135 58/99/136 57/97/137
s 23
f 50/100/138 51/101/139 59/102/140 58/103/141
s 24
f 51/101/142 52/104/143 60/105/144 59/102/145
s 25
f 52/106/146 53/107/147 61/108/148 60/109/149
s 26
f 53/107/150 46/88/151 54/91/152 61/108/153
s 19
f 54/91/125 55/90/124 63/110/154 62/111/155
s 20
f 55/95/129 56/94/128 64/112/156 63/113/157
s 21
f 56/94/133 57/97/132 65/114/158 64/112/159
s 22
f 57/97/137 58/99/136 66/115/160 65/114/161
s 23
f 58/99/141 59/116/140 67/117/162 66/115/163
s 24
f 59/118/145 60/109/144 68/119/164 67/120/165
s 25
f 60/109/149 61/108/148 69/121/166 68/119/167
s 26
f 61/108/153 54/91/152 62/111/168 69/121/169
s 27
f 47/122/170 46/123/171 70/124/172
f 48/125/173 47/122/170 70/124/172
f 49/126/174 48/125/173 70/124/172
f 50/127/175 49/126/174 70/124/172
f 51/128/176 50/127/175 70/124/172
f 52/129/177 51/128/176 70/124/172
f 53/130/178 52/129/177 70/124/172
f 46/123/171 53/130/178 70/124/172
s 28
f 62/131/179 63/132/180 71/133/181
f 63/132/180 64/134/182 71/133/181
f 64/134/182 65/135/183 71/133/181
f 65/135/183 66/136/184 71/133/181
f 66/136/184 67/137/185 71/133/181
f 67/137/185 68/138/186 71/133/181
f 68/138/186 69/139/187 71/133/181
f 69/139/187 62/131/179 71/133/181
s off
usemtl lambert10SG
f 72/140/188 78/141/189 79/142/190 73/143/191
f 73/144/192 79/145/193 80/146/194 74/147/195
f 74/147/196 80/146/197 81/148/198 75/149/199
f 75/150/200 81/151/201 82/152/202 76/153/203
f 76/154/204 82/155/205 83/156/206 77/157/207
f 77/157/208 83/156/209 78/158/210 72/159/211
s 29
f 73/160/212 84/161/213 72/162/214
f 74/163/215 84/161/213 73/160/212
f 75/164/216 84/161/213 74/163/215
f 76/165/217 84/161/213 75/164/216
f 77/166/218 84/161/213 76/165/217
f 72/162/214 84/161/213 77/166/218
s 30
f 78/167/219 85/168/220 79/169/221
f 79/169/221 85/168/220 80/170/222
f 80/170/222 85/168/220 81/171/223
f 81/171/223 85/168/220 82/172/224
f 82/172/224 85/168/220 83/173/225
f 83/173/225 85/168/220 78/167/219
s off
usemtl lambert8SG
f 86/174/226 93/175/227 94/176/228 87/177/229
f 87/178/230 94/179/231 95/180/232 88/181/233
f 88/181/234 95/180/235 96/182/236 89/183/237
f 89/183/238 96/182/239 97/184/240 90/185/241
f 90/186/242 97/187/243 98/188/244 91/189/245
f 91/189/246 98/188/247 99/190/248 92/191/249
f 92/191/250 99/190/251 93/175/252 86/174/253
f 93/192/254 100/193/255 101/194/256 94/195/257
f 94/195/258 101/194/259 102/196/260 95/197/261
f 95/197/262 102/196/263 103/198/264 96/199/265
f 96/199/266 103/198/267 104/200/268 97/201/269
f 97/201/270 104/200/271 105/202/272 98/203/273
f 98/203/274 105/202/275 106/204/276 99/205/277
f 99/205/278 106/204/279 100/193/280 93/192/281
f 87/178/282 107/206/283 86/207/284
f 88/181/285 107/206/286 87/178/287
f 89/183/288 107/206/289 88/181/290
f 90/185/291 107/206/292 89/183/293
f 91/208/294 107/206/295 90/185/296
f 92/191/297 107/209/298 91/189/299
f 86/174/300 107/209/301 92/191/302
f 100/193/303 108/210/304 101/194/305
f 101/194/306 108/210/307 102/196/308
f 102/196/309 108/210/310 103/198/311
f 103/198/312 108/210/313 104/200/314
f 104/200/315 108/210/316 105/202/317
f 105/202/318 108/210/319 106/204/320
f 106/204/321 108/210/322 100/193/323
s 31
f 109/211/324 143/212/325 144/213/326 126/214/327
f 123/215/328 135/216/329 136/217/330 129/218/331
f 129/219/331 136/220/330 160/221/332 161/222/333
f 126/223/327 144/224/326 162/225/334 151/226/335
f 111/227/336 145/228/337 146/229/338 117/230/339
f 125/231/340 137/232/341 138/233/342 130/234/343
f 130/235/343 138/236/342 139/237/344 128/238/345
f 117/230/339 146/229/338 147/239/346 113/240/347
f 153/241/348 154/242/349 148/243/350 120/244/351
f 155/245/352 156/246/353 140/247/354 131/248/355
f 131/249/355 140/250/354 141/251/356 119/252/357
f 120/253/351 148/254/350 149/255/358 115/256/359
f 115/257/359 149/258/358 150/259/360 122/260/361
f 119/261/357 141/262/356 142/263/362 132/264/363
f 132/264/363 142/263/362 135/265/329 123/266/328
f 122/260/361 150/259/360 143/267/325 109/268/324
f 110/269/364 121/270/365 133/271/366 124/272/367
f 121/270/365 116/273/368 118/274/369 133/271/366
f 133/275/366 118/276/369 157/277/370 158/278/371
f 124/279/367 133/275/366 158/278/371 159/280/372
f 115/256/359 122/281/361 134/282/373 120/253/351
f 122/281/361 109/211/324 126/214/327 134/282/373
f 134/283/373 126/223/327 151/226/335 152/284/374
f 120/244/351 134/283/373 152/284/374 153/241/348
f 136/285/330 135/286/329 110/269/364 124/272/367
f 159/280/372 160/287/332 136/288/330 124/279/367
f 138/233/342 137/232/341 112/289/375 127/290/376
f 139/291/344 138/233/342 127/290/376 114/292/377
f 140/293/354 156/294/353 157/277/370 118/276/369
f 141/295/356 140/296/354 118/274/369 116/273/368
f 142/263/362 141/262/356 116/297/368 121/298/365
f 135/265/329 142/263/362 121/298/365 110/299/364
f 144/300/326 143/301/325 123/215/328 129/218/331
f 161/222/333 162/302/334 144/303/326 129/219/331
f 146/229/338 145/228/337 125/231/340 130/234/343
f 147/304/346 146/305/338 130/306/343 128/307/345
f 148/308/350 154/309/349 155/245/352 131/248/355
f 149/310/358 148/311/350 131/249/355 119/252/357
f 150/259/360 149/258/358 119/261/357 132/264/363
f 143/267/325 150/259/360 132/264/363 123/266/328
f 152/284/374 151/226/335 111/312/336 117/313/339
f 153/241/348 152/284/374 117/313/339 113/314/347
f 113/314/347 147/315/346 154/242/349 153/241/348
f 155/245/352 154/309/349 147/316/346 128/317/345
f 128/317/345 139/318/344 156/246/353 155/245/352
f 157/277/370 156/294/353 139/319/344 114/320/377
f 158/278/371 157/277/370 114/320/377 127/321/376
f 159/280/372 158/278/371 127/321/376 112/322/375
f 137/323/341 160/221/332 159/324/372 112/325/375
f 161/222/333 160/221/332 137/323/341 125/326/340
f 145/327/337 162/302/334 161/222/333 125/326/340
f 151/328/335 162/302/334 145/327/337 111/329/336
s 33
f 163/330/378 164/331/379 170/332/380 169/333/381
s 34
f 164/334/382 165/335/383 171/336/384 170/337/385
s 35
f 165/335/386 166/338/387 172/339/388 171/336/389
s 36
f 166/340/390 167/341/391 173/342/392 172/343/393
s 37
f 167/344/394 168/345/395 174/346/396 173/347/397
s 38
f 168/345/398 163/348/399 169/349/400 174/346/401
s 33
f 169/350/381 170/351/380 176/352/402 175/353/403
s 34
f 170/337/385 171/336/384 177/354/404 176/355/405
s 35
f 171/336/389 172/339/388 178/356/406 177/354/407
s 36
f 172/343/393 173/342/392 179/357/408 178/358/409
s 37
f 173/347/397 174/346/396 180/359/410 179/360/411
s 38
f 174/346/401 169/349/400 175/361/412 180/359/413
s 33
f 175/362/403 176/363/402 182/364/414 181/365/415
s 34
f 176/355/405 177/354/404 183/366/416 182/367/417
s 35
f 177/354/407 178/356/406 184/368/418 183/366/419
s 36
f 178/358/409 179/357/408 185/369/420 184/370/421
s 37
f 179/360/411 180/359/410 186/371/422 185/372/423
s 38
f 180/359/413 175/361/412 181/373/424 186/371/425
s 39
f 164/374/426 163/375/427 187/376/428
f 165/377/429 164/374/426 187/376/428
f 166/340/430 165/378/429 187/379/428
f 167/341/431 166/340/430 187/379/428
f 168/380/432 167/341/431 187/379/428
f 163/375/427 168/381/432 187/376/428
s 40
f 181/365/433 182/364/434 188/382/435
f 182/364/434 183/383/436 188/382/435
f 183/383/436 184/384/437 188/382/435
f 184/384/437 185/385/438 188/382/435
f 185/385/438 186/386/439 188/382/435
f 186/386/439 181/365/433 188/382/435
s 41
f 189/387/440 190/388/441 196/389/442 195/390/443
s 42
f 190/391/444 191/392/445 197/393/446 196/394/447
s 43
f 191/392/448 192/395/449 198/396/450 197/393/451
s 44
f 192/397/452 193/398/453 199/399/454 198/400/455
s 45
f 193/401/456 194/402/457 200/403/458 199/404/459
s 46
f 194/402/460 189/405/461 195/406/462 200/403/463
s 41
f 195/390/443 196/389/442 202/407/464 201/408/465
s 42
f 196/394/447 197/393/446 203/409/466 202/410/467
s 43
f 197/393/451 198/396/450 204/411/468 203/409/469
s 44
f 198/400/455 199/399/454 205/412/470 204/413/471
s 45
f 199/404/459 200/403/458 206/414/472 205/415/473
s 46
f 200/403/463 195/406/462 201/416/474 206/414/475
s 47
f 190/417/476 189/418/477 207/419/478
f 191/420/479 190/417/476 207/419/478
f 192/421/480 191/420/479 207/419/478
f 193/422/481 192/421/480 207/419/478
f 194/423/482 193/422/481 207/419/478
f 189/418/477 194/423/482 207/419/478
s 48
f 201/424/483 202/425/484 208/426/485
f 202/425/484 203/427/486 208/426/485
f 203/427/486 204/428/487 208/426/485
f 204/428/487 205/429/488 208/426/485
f 205/429/488 206/430/489 208/426/485
f 206/430/489 201/424/483 208/426/485
s 49
f 209/431/490 213/432/491 214/433/492 210/434/493
s 50
f 210/435/494 214/436/495 215/437/496 211/438/497
s 51
f 211/439/498 215/440/499 216/441/500 212/442/501
s 52
f 212/443/502 216/444/503 213/445/504 209/446/505
s 49
f 213/432/491 217/447/506 218/448/507 214/433/492
s 50
f 214/436/495 218/449/508 219/450/509 215/437/496
s 51
f 215/440/499 219/451/510 220/452/511 216/441/500
s 52
f 216/444/503 220/453/512 217/454/513 213/445/504
s 49
f 217/447/506 221/455/514 222/456/515 218/448/507
s 50
f 218/449/508 222/457/516 223/458/517 219/450/509
s 51
f 219/451/510 223/459/518 224/460/519 220/452/511
s 52
f 220/453/512 224/461/520 221/462/521 217/454/513
s 53
f 210/463/522 225/464/523 209/465/524
f 211/466/525 225/464/523 210/463/522
f 212/467/526 225/464/523 211/466/525
f 209/465/524 225/464/523 212/467/526
s 54
f 226/468/527 228/469/528 227/470/529
f 227/470/529 228/469/528 229/471/530
f 229/471/530 228/469/528 230/472/531
f 230/472/531 228/469/528 226/468/527
s 49
f 221/455/514 226/468/532 227/470/533 222/456/515
s 50
f 222/457/516 227/473/534 229/474/535 223/458/517
s 51
f 223/459/518 229/475/536 230/476/537 224/460/519
s 52
f 224/461/520 230/477/538 226/478/539 221/462/521
s 55
f 231/479/540 232/480/541 234/481/542 233/482/543
s 56
f 233/483/544 234/484/545 236/485/546 235/486/547
s 57
f 243/487/548 244/488/549 245/489/550 246/490/551
s 58
f 239/491/552 240/492/553 241/493/554 242/494/555
s 59
f 232/495/556 238/496/557 236/497/558 234/498/559
s 60
f 237/499/560 231/500/561 233/501/562 235/502/563
s 57
f 246/490/551 245/489/550 247/503/564 248/504/565
s 59
f 238/496/557 232/495/556 241/505/566 240/506/567
s 55
f 232/480/541 231/479/540 242/507/568 241/508/569
s 60
f 231/500/561 237/499/560 239/509/570 242/510/571
s 56
f 235/486/547 236/485/546 244/488/572 243/487/573
s 59
f 236/497/558 238/496/557 245/511/574 244/512/575
s 60
f 237/499/560 235/502/563 243/513/576 246/514/577
s 59
f 238/496/557 240/506/567 247/515/578 245/511/574
s 58
f 240/492/553 239/491/552 248/516/579 247/517/580
s 60
f 239/509/570 237/499/560 246/514/577 248/518/581
s 61
f 249/519/582 251/520/583 252/521/584 250/522/585
s 62
f 251/523/586 253/524/587 254/525/588 252/526/589
s 63
f 261/527/590 264/528/591 263/529/592 262/530/593
s 64
f 257/531/594 260/532/595 259/533/596 258/534/597
s 65
f 250/535/598 252/536/599 254/537/600 256/538/601
s 66
f 255/539/602 253/540/603 251/541/604 249/542/605
s 63
f 264/528/591 266/543/606 265/544/607 263/529/592
s 65
f 256/538/601 258/545/608 259/546/609 250/535/598
s 61
f 250/522/585 259/547/610 260/548/611 249/519/582
s 66
f 249/542/605 260/549/612 257/550/613 255/539/602
s 62
f 253/524/587 261/527/614 262/530/615 254/525/588
s 65
f 254/537/600 262/551/616 263/552/617 256/538/601
s 66
f 255/539/602 264/553/618 261/554/619 253/540/603
s 65
f 256/538/601 263/552/617 265/555/620 258/545/608
s 64
f 258/534/597 265/556/621 266/557/622 257/531/594
s 66
f 257/550/613 266/558/623 264/553/618 255/539/602
s 67
f 267/559/624 273/560/625 274/561/626 268/562/627
s 68
f 268/563/628 274/564/629 275/565/630 269/566/631
s 69
f 269/566/632 275/565/633 276/567/634 270/568/635
s 70
f 270/569/636 276/570/637 277/571/638 271/572/639
s 71
f 271/573/640 277/574/641 278/575/642 272/576/643
s 72
f 272/576/644 278/575/645 273/577/646 267/578/647
s 67
f 273/560/625 279/579/648 280/580/649 274/561/626
s 68
f 274/564/629 280/581/650 281/582/651 275/565/630
s 69
f 275/565/633 281/582/652 282/583/653 276/567/634
s 70
f 276/570/637 282/584/654 283/585/655 277/571/638
s 71
f 277/574/641 283/586/656 284/587/657 278/575/642
s 72
f 278/575/645 284/587/658 279/588/659 273/577/646
s 73
f 268/589/660 285/590/661 267/591/662
f 269/592/663 285/590/661 268/589/660
f 270/593/664 285/590/661 269/592/663
f 271/594/665 285/590/661 270/593/664
f 272/595/666 285/590/661 271/594/665
f 267/591/662 285/590/661 272/595/666
s 74
f 279/596/667 286/597/668 280/598/669
f 280/598/669 286/597/668 281/599/670
f 281/599/670 286/597/668 282/600/671
f 282/600/671 286/597/668 283/601/672
f 283/601/672 286/597/668 284/602/673
f 284/602/673 286/597/668 279/596/667
s 75
f 287/603/674 293/604/675 294/605/676 288/606/677
s 76
f 288/607/678 294/608/679 295/609/680 289/610/681
s 77
f 289/610/682 295/609/683 296/611/684 290/612/685
s 78
f 290/613/686 296/614/687 297/615/688 291/616/689
s 79
f 291/617/690 297/618/691 298/619/692 292/620/693
s 80
f 292/620/694 298/619/695 293/621/696 287/622/697
s 75
f 293/623/675 299/624/698 300/625/699 294/626/676
s 76
f 294/608/679 300/627/700 301/628/701 295/609/680
s 77
f 295/609/683 301/628/702 302/629/703 296/611/684
s 78
f 296/614/687 302/630/704 303/631/705 297/615/688
s 79
f 297/618/691 303/632/706 304/633/707 298/619/692
s 80
f 298/619/695 304/633/708 299/634/709 293/621/696
s 75
f 299/635/698 305/636/710 306/637/711 300/638/699
s 76
f 300/627/700 306/639/712 307/640/713 301/628/701
s 77
f 301/628/702 307/640/714 308/641/715 302/629/703
s 78
f 302/630/704 308/642/716 309/643/717 303/631/705
s 79
f 303/632/706 309/644/718 310/645/719 304/633/707
s 80
f 304/633/708 310/645/720 305/646/721 299/634/709
s 81
f 288/647/722 311/648/723 287/649/724
f 289/650/725 311/648/723 288/647/722
f 290/613/726 311/651/723 289/652/725
f 291/616/727 311/651/723 290/613/726
f 292/653/728 311/651/723 291/616/727
f 287/649/724 311/648/723 292/654/728
s 82
f 305/636/729 312/655/730 306/637/731
f 306/637/731 312/655/730 307/656/732
f 307/656/732 312/655/730 308/657/733
f 308/657/733 312/655/730 309/658/734
f 309/658/734 312/655/730 310/659/735
f 310/659/735 312/655/730 305/636/729
s 83
f 314/660/736 329/661/737 328/662/738 315/663/739
s off
f 314/660/740 315/663/741 317/664/742 316/665/743
s 84
f 320/666/744 321/667/745 326/668/746
s 85
f 313/669/747 324/670/748 330/671/749 327/672/750
s off
f 318/673/751 313/674/752 314/660/753 316/665/754
s 83
f 313/674/755 327/675/756 329/661/737 314/660/736
s off
f 316/665/757 319/676/758 318/673/759
s 86
f 323/677/760 321/678/761 320/679/762
s 87
f 317/680/763 325/681/764 326/668/765 321/667/766
s 88
f 322/682/767 323/677/768 320/679/769
f 319/676/770 316/665/771 323/677/768 322/682/767
s 86
f 316/665/772 317/664/773 321/678/761 323/677/760
s 85
f 318/683/774 319/684/775 324/670/748 313/669/747
s 89
f 315/685/776 324/670/777 319/684/778 325/681/779 317/680/780
s 87
f 326/668/765 325/681/764 319/684/781 322/686/782
s 84
f 320/666/744 326/668/746 322/686/783
s 89
f 328/687/784 330/671/785 324/670/777 315/685/776
s 90
f 330/671/786 331/688/787 327/672/788
f 328/687/789 331/688/787 330/671/786
f 328/662/789 329/661/790 331/689/787
f 327/690/788 331/691/787 329/692/790
s 91
f 332/693/791 333/694/792 339/695/793 338/696/794
s 92
f 333/694/795 334/697/796 340/698/797 339/695/798
s 93
f 334/699/799 335/700/800 341/701/801 340/702/802
s 94
f 335/700/803 336/703/804 342/704/805 341/701/806
s 95
f 336/703/807 337/705/808 343/706/809 342/704/810
s 96
f 337/707/811 332/693/812 338/696/813 343/708/814
s 91
f 338/696/794 339/695/793 345/709/815 344/710/816
s 92
f 339/695/798 340/698/797 346/711/817 345/709/818
s 93
f 340/702/802 341/701/801 347/712/819 346/713/820
s 94
f 341/701/806 342/704/805 348/714/821 347/712/822
s 95
f 342/704/810 343/706/809 349/715/823 348/714/824
s 96
f 343/708/814 338/696/813 344/710/825 349/716/826
s 97
f 333/717/827 332/718/828 350/719/829
f 334/720/830 333/717/827 350/719/829
f 335/721/831 334/720/830 350/719/829
f 336/722/832 335/721/831 350/719/829
f 337/723/833 336/722/832 350/719/829
f 332/718/828 337/723/833 350/719/829
s 98
f 344/724/834 345/725/835 351/726/836
f 345/725/835 346/727/837 351/726/836
f 346/727/837 347/728/838 351/726/836
f 347/728/838 348/729/839 351/726/836
f 348/729/839 349/730/840 351/726/836
f 349/730/840 344/724/834 351/726/836
s 99
f 352/731/841 353/732/842 357/733/843 356/734/844
s 100
f 353/735/845 354/736/846 358/737/847 357/738/848
s 101
f 354/739/849 355/740/850 359/741/851 358/742/852
s 102
f 355/743/853 352/744/854 356/745/855 359/746/856
s 99
f 356/734/844 357/733/843 361/747/857 360/748/858
s 100
f 357/738/848 358/737/847 362/749/859 361/750/860
s 101
f 358/742/852 359/741/851 363/751/861 362/752/862
s 102
f 359/746/856 356/745/855 360/753/863 363/754/864
s 99
f 360/748/858 361/747/857 365/755/865 364/756/866
s 100
f 361/750/860 362/749/859 366/757/867 365/758/868
s 101
f 362/752/862 363/751/861 367/759/869 366/760/870
s 102
f 363/754/864 360/753/863 364/761/871 367/762/872
s 103
f 353/763/873 352/764/874 368/765/875
f 354/766/876 353/763/873 368/765/875
f 355/767/877 354/766/876 368/765/875
f 352/764/874 355/767/877 368/765/875
s 104
f 369/768/878 370/769/879 371/770/880
f 370/769/879 372/771/881 371/770/880
f 372/771/881 373/772/882 371/770/880
f 373/772/882 369/768/878 371/770/880
s 99
f 364/756/866 365/755/865 370/769/883 369/768/884
s 100
f 365/758/868 366/757/867 372/773/885 370/774/886
s 101
f 366/760/870 367/759/869 373/775/887 372/776/888
s 102
f 367/762/872 364/761/871 369/777/889 373/778/890
s 105
f 374/779/891 376/780/892 377/781/893 375/782/894
f 376/780/892 378/783/895 379/784/896 377/781/893
f 378/783/895 380/785/897 381/786/898 379/784/896
s off
f 380/787/899 382/788/900 383/789/901 381/790/902
f 397/791/903 400/792/904 399/793/905 398/794/906
s 106
f 384/795/907 386/796/908 387/797/909 385/798/910 392/799/911
f 386/796/908 388/800/912 389/801/913 387/797/909
s off
f 388/802/914 374/803/915 375/804/916 389/805/917
s 107
f 375/806/918 377/807/919 387/808/920 389/809/921
f 377/807/919 379/810/922 385/811/923 387/808/920
f 379/810/922 381/812/924 383/813/925 391/814/926 385/811/923
s 108
f 388/815/927 386/816/928 376/817/929 374/818/930
f 386/816/928 384/819/931 378/820/932 376/817/929
f 384/819/931 390/821/933 382/822/934 380/823/935 378/820/932
s off
f 382/824/936 390/825/937 391/826/938 383/827/939
s 106
f 392/799/911 385/798/910 391/828/940
s off
f 390/825/941 393/829/942 394/830/943 391/826/944
f 391/831/945 394/832/946 395/833/947 392/834/948
f 392/834/949 395/833/950 396/835/951 384/836/952
f 384/819/953 396/837/954 393/838/955 390/821/956
f 393/829/957 397/839/958 398/840/959 394/830/960
f 394/841/961 398/842/962 399/843/963 395/844/964
f 395/844/965 399/843/966 400/845/967 396/846/968
f 396/837/969 400/847/970 397/848/971 393/838/972
s 109
f 411/849/973 402/850/974 414/851/975 404/852/976 409/853/977
s off
f 416/854/978 417/855/979 418/856/980 419/857/981
s 110
f 405/858/982 413/859/983 406/860/984 410/861/985
s off
f 407/862/986 408/863/987 402/850/988 401/864/989
f 414/851/990 415/865/991 406/866/992 404/852/993
f 407/867/994 401/868/995 403/869/996 405/870/997
s 109
f 403/869/998 411/871/973 409/872/977 412/873/999
s 110
f 408/874/1000 410/861/985 406/860/984 415/875/1001
f 407/876/1002 410/861/985 408/874/1000
f 405/858/982 410/861/985 407/876/1002
s 109
f 401/868/1003 411/871/973 403/869/998
f 401/864/1003 402/850/974 411/849/973
s off
f 413/877/1004 412/873/1005 409/872/1006 404/878/1007 406/879/1008
f 421/880/1009 420/881/1010 422/882/1011 423/883/1012
f 403/884/1013 412/885/1014 417/855/1015 416/854/1016
f 412/885/1017 413/886/1018 418/856/1019 417/855/1020
f 413/859/1021 405/858/1022 419/887/1023 418/888/1024
f 405/870/1025 403/869/1026 416/889/1027 419/890/1028
f 402/850/1029 408/863/1030 420/891/1031 421/892/1032
f 408/874/1033 415/875/1034 422/893/1035 420/894/1036
f 415/895/1037 414/896/1038 423/883/1039 422/882/1040
f 414/896/1041 402/897/1042 421/880/1043 423/883/1044
s 111
usemtl lambert7SG
f 424/898/1045 427/899/1046 428/900/1047 425/901/1048
f 425/901/1048 428/900/1047 429/902/1049 426/903/1050
s 112
f 427/904/1051 430/905/1052 431/906/1053 428/907/1054
f 428/907/1054 431/906/1053 432/908/1055 429/909/1056
s 113
f 430/910/1057 433/911/1058 434/912/1059 431/913/1060
f 431/913/1060 434/912/1059 435/914/1061 432/915/1062
s 114
f 433/916/1063 424/917/1064 425/918/1065 434/919/1066
f 434/919/1066 425/918/1065 426/920/1067 435/921/1068
s off
f 426/922/1069 429/923/1070 432/924/1071 435/925/1072
f 433/926/1073 430/927/1074 427/928/1075 424/929/1076
usemtl lambert10SG
f 436/930/1077 437/931/1078 443/932/1079 442/933/1080
f 437/934/1081 438/935/1082 444/936/1083 443/937/1084
f 438/935/1085 439/938/1086 445/939/1087 444/936/1088
f 439/940/1089 440/941/1090 446/942/1091 445/943/1092
f 440/944/1093 441/945/1094 447/946/1095 446/947/1096
f 441/945/1097 436/948/1098 442/949/1099 447/946/1100
s 115
f 437/950/1101 436/951/1102 448/952/1103
f 438/953/1104 437/950/1101 448/952/1103
f 439/954/1105 438/953/1104 448/952/1103
f 440/955/1106 439/954/1105 448/952/1103
f 441/956/1107 440/955/1106 448/952/1103
f 436/951/1102 441/956/1107 448/952/1103
s 116
f 442/957/1108 443/958/1109 449/959/1110
f 443/958/1109 444/960/1111 449/959/1110
f 444/960/1111 445/961/1112 449/959/1110
f 445/961/1112 446/962/1113 449/959/1110
f 446/962/1113 447/963/1114 449/959/1110
f 447/963/1114 442/957/1108 449/959/1110
s off
usemtl lambert8SG
f 450/964/1115 451/965/1116 458/966/1117 457/967/1118
f 451/968/1119 452/969/1120 459/970/1121 458/971/1122
f 452/969/1123 453/972/1124 460/973/1125 459/970/1126
f 453/972/1127 454/974/1128 461/975/1129 460/973/1130
f 454/976/1131 455/977/1132 462/978/1133 461/979/1134
f 455/977/1135 456/980/1136 463/981/1137 462/978/1138
f 456/980/1139 450/964/1140 457/967/1141 463/981/1142
f 457/982/1143 458/983/1144 465/984/1145 464/985/1146
f 458/983/1147 459/986/1148 466/987/1149 465/984/1150
f 459/986/1151 460/988/1152 467/989/1153 466/987/1154
f 460/988/1155 461/990/1156 468/991/1157 467/989/1158
f 461/990/1159 462/992/1160 469/993/1161 468/991/1162
f 462/992/1163 463/994/1164 470/995/1165 469/993/1166
f 463/994/1167 457/982/1168 464/985/1169 470/995/1170
f 451/965/1171 450/964/1172 471/996/1173
f 452/969/1174 451/968/1175 471/997/1176
f 453/972/1177 452/969/1178 471/997/1179
f 454/974/1180 453/972/1181 471/997/1182
f 455/977/1183 454/976/1184 471/996/1185
f 456/980/1186 455/977/1187 471/996/1188
f 450/964/1189 456/980/1190 471/996/1191
f 464/985/1192 465/984/1193 472/998/1194
f 465/984/1195 466/987/1196 472/998/1197
f 466/987/1198 467/989/1199 472/998/1200
f 467/989/1201 468/991/1202 472/998/1203
f 468/991/1204 469/993/1205 472/998/1206
f 469/993/1207 470/995/1208 472/998/1209
f 470/995/1210 464/985/1211 472/998/1212
usemtl lambert9SG
f 473/999/1213 474/1000/1214 480/1001/1215 479/1002/1216
f 474/1000/1217 475/1003/1218 481/1004/1219 480/1001/1220
f 475/1005/1221 476/1006/1222 482/1007/1223 481/1008/1224
f 476/1006/1225 477/1009/1226 483/1010/1227 482/1007/1228
f 477/1009/1229 478/1011/1230 484/1012/1231 483/1010/1232
f 478/1013/1233 473/999/1234 479/1002/1235 484/1014/1236
s 117
f 474/1015/1237 473/1016/1238 485/1017/1239
f 475/1018/1240 474/1015/1237 485/1017/1239
f 476/1019/1241 475/1018/1240 485/1017/1239
f 477/1020/1242 476/1019/1241 485/1017/1239
f 478/1021/1243 477/1020/1242 485/1017/1239
f 473/1016/1238 478/1021/1243 485/1017/1239
s 118
f 479/1022/1244 480/1023/1245 486/1024/1246
f 480/1023/1245 481/1025/1247 486/1024/1246
f 481/1025/1247 482/1026/1248 486/1024/1246
f 482/1026/1248 483/1027/1249 486/1024/1246
f 483/1027/1249 484/1028/1250 486/1024/1246
f 484/1028/1250 479/1022/1244 486/1024/1246
s 119
usemtl lambert8SG
f 487/1029/1251 488/1030/1252 490/1031/1253 489/1032/1254
f 489/1032/1254 490/1031/1253 492/1033/1255 491/1034/1256
f 491/1034/1256 492/1033/1255 494/1035/1257 493/1036/1258
s off
f 493/1037/1259 494/1038/1260 496/1039/1261 495/1040/1262
f 510/1041/1263 511/1042/1264 512/1043/1265 513/1044/1266
s 120
f 497/1045/1267 505/1046/1268 498/1047/1269 500/1048/1270 499/1049/1271
f 499/1049/1271 500/1048/1270 502/1050/1272 501/1051/1273
s off
f 501/1052/1274 502/1053/1275 488/1054/1276 487/1055/1277
s 121
f 488/1056/1278 502/1057/1279 500/1058/1280 490/1059/1281
f 490/1059/1281 500/1058/1280 498/1060/1282 492/1061/1283
f 492/1061/1283 498/1060/1282 504/1062/1284 496/1063/1285 494/1064/1286
s 122
f 501/1065/1287 487/1066/1288 489/1067/1289 499/1068/1290
f 499/1068/1290 489/1067/1289 491/1069/1291 497/1070/1292
f 497/1070/1292 491/1069/1291 493/1071/1293 495/1072/1294 503/1073/1295
s off
f 495/1074/1296 496/1075/1297 504/1076/1298 503/1077/1299
s 120
f 505/1046/1268 504/1078/1300 498/1047/1269
s off
f 503/1077/1301 504/1076/1302 507/1079/1303 506/1080/1304
f 504/1081/1305 505/1082/1306 508/1083/1307 507/1084/1308
f 505/1082/1309 497/1085/1310 509/1086/1311 508/1083/1312
f 497/1070/1313 503/1073/1314 506/1087/1315 509/1088/1316
f 506/1080/1317 507/1079/1318 511/1089/1319 510/1090/1320
f 507/1091/1321 508/1092/1322 512/1093/1323 511/1094/1324
f 508/1092/1325 509/1095/1326 513/1096/1327 512/1093/1328
f 509/1088/1329 506/1087/1330 510/1097/1331 513/1098/1332
s 123
f 514/1099/1333 516/1100/1334 517/1101/1335 515/1102/1336
s 124
f 516/1103/1337 518/1104/1338 519/1105/1339 517/1106/1340
s 125
f 526/1107/1341 529/1108/1342 528/1109/1343 527/1110/1344
s 126
f 522/1111/1345 525/1112/1346 524/1113/1347 523/1114/1348
s 127
f 515/1115/1349 517/1116/1350 519/1117/1351 521/1118/1352
s 128
f 520/1119/1353 518/1120/1354 516/1121/1355 514/1122/1356
s 125
f 529/1108/1342 531/1123/1357 530/1124/1358 528/1109/1343
s 127
f 521/1118/1352 523/1125/1359 524/1126/1360 515/1115/1349
s 123
f 515/1102/1336 524/1127/1361 525/1128/1362 514/1099/1333
s 128
f 514/1122/1356 525/1129/1363 522/1130/1364 520/1119/1353
s 124
f 518/1104/1338 526/1107/1365 527/1110/1366 519/1105/1339
s 127
f 519/1117/1351 527/1131/1367 528/1132/1368 521/1118/1352
s 128
f 520/1119/1353 529/1133/1369 526/1134/1370 518/1120/1354
s 127
f 521/1118/1352 528/1132/1368 530/1135/1371 523/1125/1359
s 126
f 523/1114/1348 530/1136/1372 531/1137/1373 522/1111/1345
s 128
f 522/1130/1364 531/1138/1374 529/1133/1369 520/1119/1353
s 129
usemtl lambert9SG
f 532/1139/1375 546/1140/1376 552/1141/1377 549/1142/1378
f 546/1140/1376 533/1143/1379 547/1144/1380 552/1141/1377
f 552/1145/1377 547/1146/1380 574/1147/1381 575/1148/1382
f 549/1149/1378 552/1145/1377 575/1148/1382 566/1150/1383
f 534/1151/1384 548/1152/1385 585/1153/1386 576/1154/1387
f 548/1152/1385 535/1155/1388 584/1156/1389 585/1153/1386
f 553/1157/1390 550/1158/1391 537/1159/1392 551/1160/1393
f 540/1161/1394 553/1157/1390 551/1160/1393 536/1162/1395
f 569/1163/1396 570/1164/1397 554/1165/1398 543/1166/1399
f 570/1164/1397 571/1167/1400 541/1168/1401 554/1165/1398
f 554/1165/1398 541/1168/1401 539/1169/1402 542/1170/1403
f 543/1166/1399 554/1165/1398 542/1170/1403 538/1171/1404
f 538/1172/1404 542/1173/1403 555/1174/1405 545/1175/1406
f 542/1173/1403 539/1176/1402 544/1177/1407 555/1174/1405
f 580/1178/1408 581/1179/1409 533/1180/1379 546/1181/1376
f 579/1182/1410 580/1183/1408 546/1184/1376 532/1185/1375
f 533/1180/1379 581/1179/1409 582/1186/1411 547/1187/1380
f 544/1188/1407 539/1189/1402 541/1190/1401 556/1191/1412
f 556/1191/1412 541/1190/1401 571/1192/1400 572/1193/1413
f 547/1187/1380 582/1186/1411 583/1194/1414 574/1195/1381
f 538/1196/1404 545/1197/1406 557/1198/1415 543/1199/1399
f 578/1200/1416 579/1182/1410 532/1185/1375 549/1201/1378
f 566/1202/1383 577/1203/1417 578/1200/1416 549/1201/1378
f 543/1199/1399 557/1198/1415 568/1204/1418 569/1205/1396
f 557/1198/1415 559/1206/1419 567/1207/1420 568/1204/1418
f 545/1197/1406 560/1208/1421 559/1206/1419 557/1198/1415
f 545/1175/1406 555/1174/1405 561/1209/1422 560/1210/1421
f 555/1174/1405 544/1177/1407 562/1211/1423 561/1209/1422
f 563/1212/1424 562/1213/1423 544/1188/1407 556/1191/1412
f 572/1193/1413 573/1214/1425 563/1212/1424 556/1191/1412
f 565/1215/1426 564/1216/1427 550/1158/1391 553/1157/1390
f 558/1217/1428 565/1215/1426 553/1157/1390 540/1161/1394
f 576/1218/1387 577/1203/1417 566/1202/1383 534/1219/1384
f 568/1204/1418 567/1207/1420 558/1220/1428 540/1221/1394
f 569/1205/1396 568/1204/1418 540/1221/1394 536/1222/1395
f 536/1162/1395 551/1160/1393 570/1223/1397 569/1224/1396
f 551/1160/1393 537/1159/1392 571/1225/1400 570/1223/1397
f 572/1193/1413 571/1192/1400 537/1226/1392 550/1227/1391
f 564/1228/1427 573/1214/1425 572/1193/1413 550/1227/1391
f 574/1195/1381 583/1194/1414 584/1229/1389 535/1230/1388
f 575/1148/1382 574/1147/1381 535/1231/1388 548/1232/1385
f 566/1150/1383 575/1148/1382 548/1232/1385 534/1233/1384
f 558/1220/1428 567/1207/1420 577/1203/1417 576/1218/1387
f 578/1200/1416 577/1203/1417 567/1207/1420 559/1206/1419
f 559/1206/1419 560/1208/1421 579/1182/1410 578/1200/1416
f 560/1208/1421 561/1234/1422 580/1183/1408 579/1182/1410
f 561/1235/1422 562/1213/1423 581/1179/1409 580/1178/1408
f 582/1186/1411 581/1179/1409 562/1213/1423 563/1212/1424
f 583/1194/1414 582/1186/1411 563/1212/1424 573/1214/1425
f 584/1229/1389 583/1194/1414 573/1214/1425 564/1228/1427
f 585/1153/1386 584/1156/1389 564/1216/1427 565/1215/1426
f 576/1154/1387 585/1153/1386 565/1215/1426 558/1217/1428
s 131
usemtl lambert8SG
f 586/1236/1429 587/1237/1430 589/1238/1431 588/1239/1432
s 132
f 588/1240/1433 589/1241/1434 591/1242/1435 590/1243/1436
s 133
f 598/1244/1437 599/1245/1438 600/1246/1439 601/1247/1440
s 134
f 594/1248/1441 595/1249/1442 596/1250/1443 597/1251/1444
s 135
f 587/1252/1445 593/1253/1446 591/1254/1447 589/1255/1448
s 136
f 592/1256/1449 586/1257/1450 588/1258/1451 590/1259/1452
s 133
f 601/1247/1440 600/1246/1439 602/1260/1453 603/1261/1454
s 135
f 593/1253/1446 587/1252/1445 596/1262/1455 595/1263/1456
s 131
f 587/1237/1430 586/1236/1429 597/1264/1457 596/1265/1458
s 136
f 586/1257/1450 592/1256/1449 594/1266/1459 597/1267/1460
s 132
f 590/1243/1436 591/1242/1435 599/1245/1461 598/1244/1462
s 135
f 591/1254/1447 593/1253/1446 600/1268/1463 599/1269/1464
s 136
f 592/1256/1449 590/1259/1452 598/1270/1465 601/1271/1466
s 135
f 593/1253/1446 595/1263/1456 602/1272/1467 600/1268/1463
s 134
f 595/1249/1442 594/1248/1441 603/1273/1468 602/1274/1469
s 136
f 594/1266/1459 592/1256/1449 601/1271/1466 603/1275/1470
s 137
usemtl lambert7SG
f 604/1276/1471 605/1277/1472 608/1278/1473 607/1279/1474
f 605/1277/1472 606/1280/1475 609/1281/1476 608/1278/1473
s 138
f 607/1282/1477 608/1283/1478 611/1284/1479 610/1285/1480
f 608/1286/1478 609/1287/1481 612/1288/1482 611/1289/1479
s 139
f 610/1290/1483 611/1291/1484 614/1292/1485 613/1293/1486
f 611/1291/1484 612/1294/1487 615/1295/1488 614/1292/1485
s 140
f 613/1296/1489 614/1297/1490 605/1298/1491 604/1299/1492
f 614/1297/1490 615/1300/1493 606/1301/1494 605/1298/1491
s off
f 606/1302/1495 615/1303/1496 612/1304/1497 609/1305/1498
f 613/1306/1499 604/1276/1500 607/1279/1501 610/1307/1502
usemtl lambert8SG
f 616/1308/1503 622/1309/1504 623/1310/1505 617/1311/1506
f 617/1312/1507 623/1313/1508 624/1314/1509 618/1315/1510
f 618/1315/1511 624/1314/1512 625/1316/1513 619/1317/1514
f 619/1318/1515 625/1319/1516 626/1320/1517 620/1321/1518
f 620/1322/1519 626/1323/1520 627/1324/1521 621/1325/1522
f 621/1325/1523 627/1324/1524 622/1326/1525 616/1327/1526
s 141
f 617/1328/1527 628/1329/1528 616/1330/1529
f 618/1331/1530 628/1329/1528 617/1328/1527
f 619/1332/1531 628/1329/1528 618/1331/1530
f 620/1333/1532 628/1329/1528 619/1332/1531
f 621/1334/1533 628/1329/1528 620/1333/1532
f 616/1330/1529 628/1329/1528 621/1334/1533
s 142
f 622/1335/1534 629/1336/1535 623/1337/1536
f 623/1337/1536 629/1336/1535 624/1338/1537
f 624/1338/1537 629/1336/1535 625/1339/1538
f 625/1339/1538 629/1336/1535 626/1340/1539
f 626/1340/1539 629/1336/1535 627/1341/1540
f 627/1341/1540 629/1336/1535 622/1335/1534
s 143
usemtl lambert7SG
f 630/1342/1541 631/1343/1542 634/1344/1543 633/1345/1544
f 631/1346/1542 632/1347/1545 635/1348/1546 634/1349/1543
f 633/1345/1544 634/1344/1543 637/1350/1547 636/1351/1548
f 634/1344/1543 635/1352/1546 638/1353/1549 637/1350/1547
s 144
f 636/1354/1550 637/1355/1551 640/1356/1552 639/1357/1553
f 637/1355/1551 638/1358/1554 641/1359/1555 640/1356/1552
s 145
f 639/1360/1556 640/1361/1557 643/1362/1558 642/1363/1559
f 640/1361/1557 641/1364/1560 644/1365/1561 643/1362/1558
f 642/1363/1559 643/1362/1558 646/1366/1562 645/1367/1563
f 643/1368/1558 644/1369/1561 647/1370/1564 646/1371/1562
s 146
f 645/1372/1565 646/1373/1566 631/1374/1567 630/1375/1568
f 646/1373/1566 647/1376/1569 632/1377/1570 631/1374/1567
s 147
f 632/1378/1571 647/1379/1572 644/1380/1573 635/1381/1574
f 635/1381/1574 644/1380/1573 641/1382/1575 638/1383/1576
s 148
f 645/1384/1577 630/1385/1578 633/1386/1579 642/1387/1580
f 642/1387/1580 633/1386/1579 636/1388/1581 639/1389/1582
s off
usemtl lambert8SG
f 648/1390/1583 649/1391/1584 655/1392/1585 654/1393/1586
f 649/1394/1587 650/1395/1588 656/1396/1589 655/1397/1590
f 650/1395/1591 651/1398/1592 657/1399/1593 656/1396/1594
f 651/1400/1595 652/1401/1596 658/1402/1597 657/1403/1598
f 652/1404/1599 653/1405/1600 659/1406/1601 658/1407/1602
f 653/1405/1603 648/1408/1604 654/1409/1605 659/1406/1606
s 149
f 649/1410/1607 648/1411/1608 660/1412/1609
f 650/1413/1610 649/1410/1607 660/1412/1609
f 651/1414/1611 650/1413/1610 660/1412/1609
f 652/1415/1612 651/1414/1611 660/1412/1609
f 653/1416/1613 652/1415/1612 660/1412/1609
f 648/1411/1608 653/1416/1613 660/1412/1609
s 150
f 654/1417/1614 655/1418/1615 661/1419/1616
f 655/1418/1615 656/1420/1617 661/1419/1616
f 656/1420/1617 657/1421/1618 661/1419/1616
f 657/1421/1618 658/1422/1619 661/1419/1616
f 658/1422/1619 659/1423/1620 661/1419/1616
f 659/1423/1620 654/1417/1614 661/1419/1616
s 151
f 662/1424/1621 663/1425/1622 671/1426/1623 670/1427/1624
s 152
f 663/1425/1625 664/1428/1626 672/1429/1627 671/1426/1628
s 153
f 664/1430/1629 665/1431/1630 673/1432/1631 672/1433/1632
s 154
f 665/1431/1633 666/1434/1634 674/1435/1635 673/1432/1636
s 155
f 666/1436/1637 667/1437/1638 675/1438/1639 674/1439/1640
s 156
f 667/1437/1641 668/1440/1642 676/1441/1643 675/1438/1644
s 157
f 668/1442/1645 669/1443/1646 677/1444/1647 676/1445/1648
s 158
f 669/1443/1649 662/1446/1650 670/1447/1651 677/1444/1652
s 151
f 670/1427/1624 671/1426/1623 679/1448/1653 678/1449/1654
s 152
f 671/1426/1628 672/1429/1627 680/1450/1655 679/1448/1656
s 153
f 672/1433/1632 673/1432/1631 681/1451/1657 680/1452/1658
s 154
f 673/1432/1636 674/1435/1635 682/1453/1659 681/1451/1660
s 155
f 674/1439/1640 675/1438/1639 683/1454/1661 682/1455/1662
s 156
f 675/1438/1644 676/1441/1643 684/1456/1663 683/1454/1664
s 157
f 676/1445/1648 677/1444/1647 685/1457/1665 684/1458/1666
s 158
f 677/1444/1652 670/1447/1651 678/1459/1667 685/1457/1668
s 151
f 678/1449/1654 679/1448/1653 687/1460/1669 686/1461/1670
s 152
f 679/1448/1656 680/1450/1655 688/1462/1671 687/1460/1672
s 153
f 680/1452/1658 681/1451/1657 689/1463/1673 688/1464/1674
s 154
f 681/1451/1660 682/1453/1659 690/1465/1675 689/1463/1676
s 155
f 682/1455/1662 683/1454/1661 691/1466/1677 690/1467/1678
s 156
f 683/1454/1664 684/1456/1663 692/1468/1679 691/1466/1680
s 157
f 684/1458/1666 685/1457/1665 693/1469/1681 692/1470/1682
s 158
f 685/1457/1668 678/1459/1667 686/1471/1683 693/1469/1684
s 159
f 663/1472/1685 662/1473/1686 694/1474/1687
f 664/1475/1688 663/1472/1685 694/1474/1687
f 665/1476/1689 664/1475/1688 694/1474/1687
f 666/1477/1690 665/1476/1689 694/1474/1687
f 667/1478/1691 666/1477/1690 694/1474/1687
f 668/1479/1692 667/1478/1691 694/1474/1687
f 669/1480/1693 668/1479/1692 694/1474/1687
f 662/1473/1686 669/1480/1693 694/1474/1687
s 160
f 686/1481/1694 687/1482/1695 695/1483/1696
f 687/1482/1695 688/1484/1697 695/1483/1696
f 688/1484/1697 689/1485/1698 695/1483/1696
f 689/1485/1698 690/1486/1699 695/1483/1696
f 690/1486/1699 691/1487/1700 695/1483/1696
f 691/1487/1700 692/1488/1701 695/1483/1696
f 692/1488/1701 693/1489/1702 695/1483/1696
f 693/1489/1702 686/1481/1694 695/1483/1696
s 161
f 696/1490/1703 697/1491/1704 703/1492/1705 702/1493/1706
s 162
f 697/1494/1707 698/1495/1708 704/1496/1709 703/1497/1710
s 163
f 698/1495/1711 699/1498/1712 705/1499/1713 704/1496/1714
s 164
f 699/1500/1715 700/1501/1716 706/1502/1717 705/1503/1718
s 165
f 700/1504/1719 701/1505/1720 707/1506/1721 706/1507/1722
s 166
f 701/1505/1723 696/1508/1724 702/1509/1725 707/1506/1726
s 161
f 702/1493/1706 703/1492/1705 709/1510/1727 708/1511/1728
s 162
f 703/1497/1710 704/1496/1709 710/1512/1729 709/1513/1730
s 163
f 704/1496/1714 705/1499/1713 711/1514/1731 710/1512/1732
s 164
f 705/1503/1718 706/1502/1717 712/1515/1733 711/1516/1734
s 165
f 706/1507/1722 707/1506/1721 713/1517/1735 712/1518/1736
s 166
f 707/1506/1726 702/1509/1725 708/1519/1737 713/1517/1738
s 167
f 697/1520/1739 696/1521/1740 714/1522/1741
f 698/1523/1742 697/1520/1739 714/1522/1741
f 699/1524/1743 698/1523/1742 714/1522/1741
f 700/1525/1744 699/1524/1743 714/1522/1741
f 701/1526/1745 700/1525/1744 714/1522/1741
f 696/1521/1740 701/1526/1745 714/1522/1741
s 168
f 708/1527/1746 709/1528/1747 715/1529/1748
f 709/1528/1747 710/1530/1749 715/1529/1748
f 710/1530/1749 711/1531/1750 715/1529/1748
f 711/1531/1750 712/1532/1751 715/1529/1748
f 712/1532/1751 713/1533/1752 715/1529/1748
f 713/1533/1752 708/1527/1746 715/1529/1748
s off
f 716/1534/1753 722/1535/1754 723/1536/1755 717/1537/1756
f 717/1538/1757 723/1539/1758 724/1540/1759 718/1541/1760
f 718/1541/1761 724/1540/1762 725/1542/1763 719/1543/1764
f 719/1544/1765 725/1545/1766 726/1546/1767 720/1547/1768
f 720/1548/1769 726/1549/1770 727/1550/1771 721/1551/1772
f 721/1551/1773 727/1550/1774 722/1552/1775 716/1553/1776
s 169
f 717/1554/1777 728/1555/1778 716/1556/1779
f 718/1557/1780 728/1555/1778 717/1554/1777
f 719/1558/1781 728/1555/1778 718/1557/1780
f 720/1559/1782 728/1555/1778 719/1558/1781
f 721/1560/1783 728/1555/1778 720/1559/1782
f 716/1556/1779 728/1555/1778 721/1560/1783
s 170
f 722/1561/1784 729/1562/1785 723/1563/1786
f 723/1563/1786 729/1562/1785 724/1564/1787
f 724/1564/1787 729/1562/1785 725/1565/1788
f 725/1565/1788 729/1562/1785 726/1566/1789
f 726/1566/1789 729/1562/1785 727/1567/1790
f 727/1567/1790 729/1562/1785 722/1561/1784
s 171
f 730/1568/1791 732/1569/1792 733/1570/1793 731/1571/1794
s 172
f 732/1569/1795 734/1572/1796 735/1573/1797 733/1570/1798
s 173
f 742/1574/1799 745/1575/1800 744/1576/1801 743/1577/1802
s 174
f 738/1578/1803 741/1579/1804 740/1580/1805 739/1581/1806
s 175
f 731/1582/1807 733/1583/1808 735/1584/1809 737/1585/1810
s 176
f 736/1586/1811 734/1587/1812 732/1588/1813 730/1589/1814
s 173
f 745/1590/1800 747/1591/1815 746/1592/1816 744/1593/1801
s 175
f 737/1585/1810 739/1594/1817 740/1595/1818 731/1582/1807
s 171
f 731/1596/1794 740/1597/1819 741/1598/1820 730/1599/1791
s 176
f 730/1589/1814 741/1600/1821 738/1601/1822 736/1586/1811
s 172
f 734/1572/1796 742/1574/1823 743/1577/1824 735/1573/1797
s 175
f 735/1584/1809 743/1602/1825 744/1603/1826 737/1585/1810
s 176
f 736/1586/1811 745/1604/1827 742/1605/1828 734/1587/1812
s 175
f 737/1585/1810 744/1603/1826 746/1606/1829 739/1594/1817
s 174
f 739/1581/1806 746/1607/1830 747/1608/1831 738/1578/1803
s 176
f 738/1601/1822 747/1609/1832 745/1604/1827 736/1586/1811
s 177
f 748/1610/1833 754/1611/1834 755/1612/1835 749/1613/1836
s 178
f 749/1614/1837 755/1615/1838 756/1616/1839 750/1617/1840
s 179
f 750/1617/1841 756/1616/1842 757/1618/1843 751/1619/1844
s 180
f 751/1620/1845 757/1621/1846 758/1622/1847 752/1623/1848
s 181
f 752/1624/1849 758/1625/1850 759/1626/1851 753/1627/1852
s 182
f 753/1627/1853 759/1626/1854 754/1628/1855 748/1629/1856
s 177
f 754/1611/1834 760/1630/1857 761/1631/1858 755/1612/1835
s 178
f 755/1615/1838 761/1632/1859 762/1633/1860 756/1616/1839
s 179
f 756/1616/1842 762/1633/1861 763/1634/1862 757/1618/1843
s 180
f 757/1621/1846 763/1635/1863 764/1636/1864 758/1622/1847
s 181
f 758/1625/1850 764/1637/1865 765/1638/1866 759/1626/1851
s 182
f 759/1626/1854 765/1638/1867 760/1639/1868 754/1628/1855
s 183
f 749/1640/1869 766/1641/1870 748/1642/1871
f 750/1643/1872 766/1641/1870 749/1640/1869
f 751/1644/1873 766/1641/1870 750/1643/1872
f 752/1645/1874 766/1641/1870 751/1644/1873
f 753/1646/1875 766/1641/1870 752/1645/1874
f 748/1642/1871 766/1641/1870 753/1646/1875
s 184
f 760/1647/1876 767/1648/1877 761/1649/1878
f 761/1649/1878 767/1648/1877 762/1650/1879
f 762/1650/1879 767/1648/1877 763/1651/1880
f 763/1651/1880 767/1648/1877 764/1652/1881
f 764/1652/1881 767/1648/1877 765/1653/1882
f 765/1653/1882 767/1648/1877 760/1647/1876
s 185
f 768/1654/1883 774/1655/1884 775/1656/1885 769/1657/1886
s 186
f 769/1657/1887 775/1656/1888 776/1658/1889 770/1659/1890
s 187
f 770/1660/1891 776/1661/1892 777/1662/1893 771/1663/1894
s 188
f 771/1663/1895 777/1662/1896 778/1664/1897 772/1665/1898
s 189
f 772/1665/1899 778/1664/1900 779/1666/1901 773/1667/1902
s 190
f 773/1668/1903 779/1669/1904 774/1655/1905 768/1654/1906
s 185
f 774/1655/1884 780/1670/1907 781/1671/1908 775/1656/1885
s 186
f 775/1656/1888 781/1671/1909 782/1672/1910 776/1658/1889
s 187
f 776/1661/1892 782/1673/1911 783/1674/1912 777/1662/1893
s 188
f 777/1662/1896 783/1674/1913 784/1675/1914 778/1664/1897
s 189
f 778/1664/1900 784/1675/1915 785/1676/1916 779/1666/1901
s 190
f 779/1669/1904 785/1677/1917 780/1670/1918 774/1655/1905
s 191
f 769/1678/1919 786/1679/1920 768/1680/1921
f 770/1681/1922 786/1679/1920 769/1678/1919
f 771/1682/1923 786/1679/1920 770/1681/1922
f 772/1683/1924 786/1679/1920 771/1682/1923
f 773/1684/1925 786/1679/1920 772/1683/1924
f 768/1680/1921 786/1679/1920 773/1684/1925
s 192
f 780/1685/1926 787/1686/1927 781/1687/1928
f 781/1687/1928 787/1686/1927 782/1688/1929
f 782/1688/1929 787/1686/1927 783/1689/1930
f 783/1689/1930 787/1686/1927 784/1690/1931
f 784/1690/1931 787/1686/1927 785/1691/1932
f 785/1691/1932 787/1686/1927 780/1685/1926
s off
f 788/1692/1933 789/1693/1934 797/1694/1935 796/1695/1936
f 789/1693/1937 790/1696/1938 798/1697/1939 797/1694/1940
f 790/1698/1941 791/1699/1942 799/1700/1943 798/1701/1944
f 791/1699/1945 792/1702/1946 800/1703/1947 799/1700/1948
f 792/1704/1949 793/1705/1950 801/1706/1951 800/1707/1952
f 793/1705/1953 794/1708/1954 802/1709/1955 801/1706/1956
f 794/1710/1957 795/1711/1958 803/1712/1959 802/1713/1960
f 795/1711/1961 788/1714/1962 796/1715/1963 803/1712/1964
s 193
f 789/1716/1965 788/1717/1966 804/1718/1967
f 790/1719/1968 789/1716/1965 804/1718/1967
f 791/1720/1969 790/1719/1968 804/1718/1967
f 792/1721/1970 791/1720/1969 804/1718/1967
f 793/1722/1971 792/1721/1970 804/1718/1967
f 794/1723/1972 793/1722/1971 804/1718/1967
f 795/1724/1973 794/1723/1972 804/1718/1967
f 788/1717/1966 795/1724/1973 804/1718/1967
s 194
f 796/1725/1974 797/1726/1975 805/1727/1976
f 797/1726/1975 798/1728/1977 805/1727/1976
f 798/1728/1977 799/1729/1978 805/1727/1976
f 799/1729/1978 800/1730/1979 805/1727/1976
f 800/1707/1979 801/1706/1980 805/1731/1976
f 801/1706/1980 802/1709/1981 805/1731/1976
f 802/1732/1981 803/1733/1982 805/1727/1976
f 803/1733/1982 796/1725/1974 805/1727/1976
s off
f 806/1734/1983 807/1735/1984 813/1736/1985 812/1737/1986
f 807/1738/1987 808/1739/1988 814/1740/1989 813/1741/1990
f 808/1739/1991 809/1742/1992 815/1743/1993 814/1740/1994
f 809/1744/1995 810/1745/1996 816/1746/1997 815/1747/1998
f 810/1748/1999 811/1749/2000 817/1750/2001 816/1751/2002
f 811/1749/2003 806/1752/2004 812/1753/2005 817/1750/2006
s 195
f 807/1754/2007 806/1755/2008 818/1756/2009
f 808/1757/2010 807/1754/2007 818/1756/2009
f 809/1758/2011 808/1757/2010 818/1756/2009
f 810/1759/2012 809/1758/2011 818/1756/2009
f 811/1760/2013 810/1759/2012 818/1756/2009
f 806/1755/2008 811/1760/2013 818/1756/2009
s 196
f 812/1761/2014 813/1762/2015 819/1763/2016
f 813/1762/2015 814/1764/2017 819/1763/2016
f 814/1764/2017 815/1765/2018 819/1763/2016
f 815/1765/2018 816/1766/2019 819/1763/2016
f 816/1766/2019 817/1767/2020 819/1763/2016
f 817/1767/2020 812/1761/2014 819/1763/2016
s 197
f 820/1768/2021 821/1769/2022 823/1770/2023 822/1771/2024
s 198
f 822/1771/2025 823/1770/2026 825/1772/2027 824/1773/2028
s 199
f 832/1774/2029 833/1775/2030 834/1776/2031 835/1777/2032
s 200
f 828/1778/2033 829/1779/2034 830/1780/2035 831/1781/2036
s 201
f 821/1782/2037 827/1783/2038 825/1784/2039 823/1785/2040
s 202
f 826/1786/2041 820/1787/2042 822/1788/2043 824/1789/2044
s 199
f 835/1790/2032 834/1791/2031 836/1792/2045 837/1793/2046
s 201
f 827/1783/2038 821/1782/2037 830/1794/2047 829/1795/2048
s 197
f 821/1796/2022 820/1797/2021 831/1798/2049 830/1799/2050
s 202
f 820/1787/2042 826/1786/2041 828/1800/2051 831/1801/2052
s 198
f 824/1773/2028 825/1772/2027 833/1775/2053 832/1774/2054
s 201
f 825/1784/2039 827/1783/2038 834/1802/2055 833/1803/2056
s 202
f 826/1786/2041 824/1789/2044 832/1804/2057 835/1805/2058
s 201
f 827/1783/2038 829/1795/2048 836/1806/2059 834/1802/2055
s 200
f 829/1779/2034 828/1778/2033 837/1807/2060 836/1808/2061
s 202
f 828/1800/2051 826/1786/2041 835/1805/2058 837/1809/2062
